School Name,City,Zip Code,2022 Student Enrollments,AP Classes?,Dual Enrollment?,Offers Electives?,Offers Sports?,Sports Rank,Teaching/Educational Method,Mental Health Services?,Math Score,English Score,National Rank,AZ Rank,Student-Teacher Ratio,Suicide Data,Crime-related Data,Racial%-White,Racial%-Black,Racial%-Native,Racial%-Hispanic,Racial%-Asian,Racial%-Other,Lunch%-Free,Lunch%-Reduced,Lunch%-Paid,
Arizona Lutheran Academy,Phoenix,85041,192,Yes,Yes,Yes,Yes,Top 20%,Christian boarding school,Yes,28,28,3002,25,12:01,NA,NA,57,6,10,15,12,0,NA,NA,NA,
Arizona Preparatory Academy,Phoenix,85037,123,Yes,Yes,Yes,Yes,NA,College Preparatory Curriculum,Yes,17,22,19568,310,150:01:00,NA,1,12,11,1,71,1,2,36.60%,36.60%,26.8,
Arizona School For The Arts,Phoenix,85004,832,Yes,Yes,Yes,No,NA,outcome based,yes,27,30,481,145,13:01,NA,NA,63,4,1,22,5,5,NA,NA,NA,
Arizona Virtual Academy,Phoenix,85004,7647,Yes,Yes,Yes,Yes,NA,outcome based,Yes,19,32,"3,635",980,NA,NA,NA,69,6,2,15,1,6,8,3,NA,
Asdb/phoenix Day school,Phoenix,85021,242,No,Yes,yes,Yes,NA,Communication,Yes,5,5,NA,1834,NA,Na,NA,16,7,6,67,2,2,44,5,51,
E-institute At Metro,"Phoenix, AZ",85051,58,Yes,N/A,N/A,N/A,N/A,N/A,N/A,8%,< 2%,20045,398,"26,1",N/A,N/A,6.89%,24.13%,6.89%,60.34%,0%,1.72%,N/A,N/A,N/A,
E-institute At Union Hills,"Phoenix, AZ",85308,78,yes,N/A,N/A,N/A,N/A,N/A,N/A,55%,N/A,813,178,"32,1",N/A,N/A,46.20%,9.00%,2.50%,37.17%,0%,5.12%,N/A,36%,N/A,
Hamilton High School,"Chandler, AZ",85248,3926,yes,N/A,N/A,N/A,N/A,N/A,N/A,52%,68.96,1548,24,21:03,N/A,N/A,44.40%,7.30%,2.10%,21.50%,19%,5.70%,8%,N/A,N/A,
Intelli-school,"Chandler, AZ",85225,70,Yes,N/A,N/A,N/A,N/A,N/A,N/A,N/A,N/A,N/A,N/A,"26,1",N/A,N/A,31.40%,7.10%,5.70%,51.40%,0%,4.30%,N/A,74%,N/A,
Kaizen Education Foundation Dba El Dorado High School,"Chandler, AZ",85224,166,yes,N/A,N/A,N/A,N/A,N/A,N/A,N/A,N/A,19037,354,"25,1",N/A,N/A,0%,16.87%,0%,46.99%,30.72%,0%,54%,N/A,N/A,
Mesquite High School,"Gilbert, AZ",85233,2045,Yes,Yes,Yes,Yes,10th,Varied,Yes,80,75,1841,58,15:01,No,Minor,60,20,10,10,5,5,20,15,65,
Mesquite Jr High School,"Gilbert, AZ",85233,1200,Yes,Yes,Yes,Yes,15th,Varied,Yes,85,70,NA,NA,12:01,No,Minor,65,20,5,10,5,5,20,15,60,
Perry High School,"Gilbert, AZ",85297,2045,Yes,Yes,Yes,Yes,10th,Varied,Yes,80,75,131,5,15:01,No,Minor,60,20,10,10,5,5,20,15,65,
San Tan Charter School,"Gilbert, AZ",85296,500,Yes,Yes,Yes,Yes,1st,Varied,Yes,90,85,8972,174,10:01,No,None,80,10,5,5,5,0,5,5,90,
South Valley Junior High School,"Gilbert, AZ",85295,1000,Yes,Yes,Yes,Yes,12th,Varied,Yes,80,75,NA,NA,15:01,No,Minor,70,20,5,10,5,5,20,15,60,
West-mec - Horizon High School,"Scottsdale, AZ",85254,15,yes,no,yes,yes,na,CTE,yes,60-64%,65-69%,na,na,17:01,na,na,87%,0,0,13%,0,0,39%,0,61%,
Arizona Charter Academy,"Surprise, AZ",85374,na,no,yes,yes,yes,268,traditional,yes,27%,28%,na,959,na,na,na,19%,10%,na,66%,1%,4%,27%,11%,62%,
Dysart Ischool,"Surprise, AZ",85374,181,yes,yes,yes,yes,na,Online,yes,28%,42%,na,top 50%,11:01,na,na,35%,6%,5%,47%,3%,4%,29%,2%,69%,
E-institute At Surprise,"Surprise, AZ",85388,149,yes,no,yes,yes,228,Na,na,32%,39%,17635,325,1:01,na,na,43%,6%,1%,40%,3%,na,38%,17%,45%,
Imagine Prep Surprise,"Surprise, AZ",85379,304,yes,yes,yes,yes,na,"Combination of traditional, project based and online research.l",Yyes,15-19%,25-29%,na,1125,na,na,na,54%,4%,1%,32%,2%,7%,10%,4%,86%,
Camelback High School,"Phoenix, AZ",85016,2152,yes,yes,yes,yes,10,traditional,yes,80%,75%,1199,42,18.5:1,There have been 2 suicides at Camelback High School in the past 5 years. The school has a suicide prevention program in place,"There have been 10 reported crimes at Camelback High School in the past year. These crimes include theft, vandalism, and assault.",8%,7%,1%,77%,1%,6%,82%,6%,12%,
Career Success High School - Glendale,"Phoenix, AZ",85017,53,yes,yes,yes,no,N/A,career and technical education (CTE),yes,75%,70%,22481,469,#VALUE!,No Sucide,"There have been 5 reported crimes at Career Success High School in the past year. These crimes include theft, vandalism, and assault.",8%,11%,0%,77%,0%,4%,51%,0%,49%,
Career Success High School - Main Campus,"Phoenix, AZ",85017,185,yes,yes,yes,no,N/A,career and technical education (CTE),yes,75%,70%,17688,327,#VALUE!,No Sucide,"There have been 5 reported crimes at Career Success High School in the past year. These crimes include theft, vandalism, and assault.",5%,10%,0%,83%,0%,2%,62%,14%,24%,
Career Success Jr/Sr High School - North Phoenix,"Phoenix, AZ",85022,119,yes,yes,yes,yes,N/A,None,yes,75%,70%,19723,383,#VALUE!,No Sucide,"There have been 5 reported crimes at Career Success High School in the past year. These crimes include theft, vandalism, and assault.",35%,5%,1%,50%,0%,4%,24%,3%,74%,
Carl Hayden High School,"Phoenix, AZ",85009,2108,yes,yes,yes,yes,20,None,yes,78%,75%,1299,44,18:01,2 sucides,"There have been 10 reported crimes at Carl Hayden High School in the past year. These crimes include theft, vandalism, and assault.",1%,3%,0%,95%,0%,1%,85%,6%,9%,
Sunrise Mountain High School,Peoria,85382,2025,yes,yes,yes,yes,98,Traditional,No,42%,41%,"6,080",98,22:01,No,three cases were reported,70.90%,3.00%,0.20%,18.20%,2.90%,7%,8%,0%,92%,
West-mec - Centennial High School,Peoria,85381,"2,052",yes,yes,yes,no,NA,career and technical education (CTE),no,67%,54%,Unranked,535,23:01,No,NA,47.80%,5.70%,1%,36.70%,3.10%,6%,0%,0%,100%,
West-mec - Liberty High School,Peoria,85383,"2,472",NA,yes,yes,yes,560,career and technical education (CTE),No,36%,37%,"5,817",93,22:01,No,No,72%,3%,0%,16%,4%,5%,3%,3%,94%,
West-mec - Peoria High School,Peoria,85345,"1,582",NA,yes,yes,no,unranked,career and technical education (CTE),no,18%,22%,25708,602,22:01,No,No,26%,9%,2%,55%,3%,7%,24%,9%,77%,
West-mec - Sunrise Mountain High School,Peoria,85382,"2,025",NA,yes,NA,yes,NA,Traditional,NA,43%,41%,"6,080",98,22:01,no,NA,71%,3%,1%,18%,3%,4%,8%,3%,89%,
Sossaman Middle School,Queen Creek,85142,1096,Yes,Yes,Yes,Yes,194,student-centered approach,Yes,68%,60%,NA,48,20:01,NA,NA,66.10%,3.10%,0.80%,20.90%,3.10%,6%,4.55%,4.55%,90.90%,
Willie & Coy Payne Junior High School,Queen Creek,85142,1220,No,Yes,Yes,Yes,422,Traditional ,Yes,56%,78%,NA,422,21:01,NA,NA,68%,3%,1%,19%,4%,5%,5.75%,5.75%,88.50%,
Bella Vista College Prepratory School,Scottsdale,85266,89,Yes,Yes,Yes,Yes,134,classical education mode,Yes,79%,79%,6101,61,7:01,NA,NA,37.10%,12.40%,0%,5.60%,4.50%,40.40%,NA,NA,NA,
Arizona International Academy,Scottsdale,85254,10,No,NA,Yes,Yes,NA,active learning,Yes,NA,NA,7259,71,6:01,NA,NA,25%,10%,0%,31.30%,31.30%,2.40%,NA,NA,NA,
Basis Scottsdale,Scottsdale,85259,1057,Yes,Yes,Yes,Yes,20,rigorous academic curriculum,Yes,93%,96%,20,2,7:01,NA,NA,23.90%,1.80%,0.10%,6%,62.50%,5.70%,2%,5%,93%,
Desert Edge High School,"Goodyear,AZ",85338,1786,Yes,Yes,Yes,Yes,N/A,Project Based Learning ,Yes,64%,66.34%,5950,96,22:01,No Suicide,"Drugs, Murder",7%,13%,13.50%,57.20%,2.70%,7,27%,16%,57%,
Estrella foothills High School,"Goodyear,AZ",85338,1225,YES,NO,Yes,Yes,N/A,Traditional,Yes,54%,70.69%,5547,90,25:01:00,3,N/A,45.60%,4.50%,1%,43.10%,1.30%,4.60%,12.10%,12.10%,43.70%,
Great Hearts Academies- Archway Trivium West,"Goodyear,AZ",85395,1084,NO,Yes,No,Yes,NA,Distance Learning,Yes,74%,86.36%,1854,90,28:01:00,NA,NA,13.50%,7%,13%,57,3%,0,0,0,100%,
Great Hearts Academies- Trivium Prep,"Goodyear,AZ",90859,25000,Yes,YES,YES,YEs,NA,Distance Learning,YES,49%,82.79,5905,95,1:20,NA,NA,41.7,6.1,6.4,33.5,9.3,8.2,NA,NA,NA,
Millenium High School,"Goodyear,AZ",85395,2202,YES,Yes,no,Yes,1606,Traditional,Yes,50%,41.67,3148,50,21:01,Yes,Gang crimes,40.6,9.7,1.5,37.4,7.5,0,8%,4%,89%,
Highland High School,"Gilbert, AZ",85234,"3,108",YES,YES,YES,YES,10,Carrer and Techincal Education,YES,78%,69%,221,11,23:01,N/A,N/A,76%,3%,1%,14%,5%,1%,0%,0%,100%,
Higley High School,"Gilbert, AZ",85295,1670,YES,YES,YES,YES,12,Direct Instruction Technique,YES,71%,64%,2426,35,24.1:1,N/A,N/A,68.10%,3.40%,0.60%,18.90%,3.60%,0.60%,6%,3%,91%,
Leading Edge Academy Gilbert Early College,"Gilbert, AZ",85233,77,YES,YES,YES,YES,N/A,Traditional,YES,72%,62%,9286,62,#VALUE!,N/A,N/A,65%,3%,2%,25%,2%,1%,19%,13%,68%,
Leading Edge Online Academy,"Gilbert, AZ",85296,77,YES,YES,YES,YES,N/A,Online Academy,YES,15%,45%,"13,338",250,#VALUE!,N/A,N/A,66%,4%,3%,25%,0%,0%,14%,6%,79%,
Learning Foundation And Performing Arts Gilbert,"Gilbert, AZ",85296,416,YES,YES,YES,YES,N/A,Traditional,YES,27%,43%,13261,447,#VALUE!,N/A,N/A,57%,7%,0%,22%,3%,1%,28%,5%,67%,
Oasis Recovery,"Chandler, AZ",85225,35,N/A,N/A,N/A,Yes,N/A,N/A,N/A,N/A,N/A,"6,014",60,35:01:00,N/A,N/A,57%,26%,0%,11%,3%,0%,N/A,N/A,N/A,
Paragon Science Academy,"Chandler, AZ",85226,448,Yes,Yes,Yes,Yes,N/A,Traditional,N/A,85%,38%,"11,638",210,#VALUE!,N/A,N/A,37%,19%,1%,12%,29%,1%,31%,3%,66%,
Primavera - Online,"Chandler, AZ",85225,"3,299",Yes,Yes,No,No,N/A,Virtual,N/A,14%,31%,153,7,#VALUE!,N/A,N/A,49%,5%,4%,37%,1%,1%,16%,27%,57%,
Santam Junior High School,"Chandler, AZ",85249,"1,354",No,No,Yes,No,N/A,Traditional,N/A,44%,53%,Unranked,Unknown,21.6:1,N/A,N/A,70%,6%,1%,12%,9%,2%,11%,2%,87%,
Seton Catholic Preparatory High School,"Chandler, AZ",85224,595,Yes,Yes,Yes,Yes,N/A,Traditional,N/A,N/A,N/A,881,9,15:01,N/A,N/A,72%,1%,1%,16%,3%,1%,"N/A	",N/A        ,N/A        ,
Greenfield Junior High School,"Gilbert, AZ",85296,836,YES,YES,YES,YES,N/A,Traditional,YES,61%,51%,Unranked,Unranked,19:01,N/A(Requires Acess),N/A,75%,2%,0%,18%,4%,1%,"N/A	","N/A	",N/A        ,
Highland High School,"Gilbert, AZ",85234,"3,108",YES,YES,YES,YES,10,Carrer and Techincal Education,YES,78%,69%,221,11,23:01,N/A,N/A,76%,3%,1%,14%,5%,1%,0%,0%,100%,
Great Hearts Academies - Archway Chandler,"Chandler, AZ",85224,519,NO,YES,NO,YES,N/A,Socratic Method,YES,87%,78%,Unranked,Unknown,#VALUE!,N/A,N/A,56%,5%,0%,13%,17%,8%,N/A,"N/A	","N/A	",
Great Hearts Academies - Chandler Prep,"Chandler, AZ",85225,711,NO,YES,NO,YES,N/A,Traditional,YES,73%,72%,"8,171",163, -1:1,N/A,N/A,63%,4%,0%,12%,15%,5%,N/A        ,"N/A	","N/A	",
Great Hearts Academies - Lincoln Prep,"Chandler, AZ",85286,166,YES,YES,NO,YES,N/A,Classical liberal Cirriculam,yes,54%,55%,Unranked,Unknown,#VALUE!,N/A,N/A,54%,4%,1%,13%,19%,10%,N/A        ,N/A        ,N/A        ,
Kaizen Education Foundation Dba Quest High School,"Phoenix, AZ",85042,49,,yes,yes,yes,N/A,Traditional,N/A,7%,10%,22682,477,#VALUE!,N/A,N/A,4%,14%,2%,80%,0%,0%,71%,6%,22%,
Kaizen Education Foundation Dba Summit High School,"Phoenix, AZ",85006,358,,yes,yes,yes,N/A,Traditional,yes,7%,10%,13466,243,#VALUE!,N/A,N/A,6%,10%,3%,79%,1%,1%,0%,99%,1%,
Keystone Montessori Charter School,"Phoenix, AZ",85048,235,,yes,yes,yes,N/A,Traditional,yes,59%,81%,16303,286,#VALUE!,N/A,N/A,62%,3%,0%,22%,7%,15%,N/A,N/A,N/A,
Learning Institute the,"Phoenix, AZ",85014,130,,yes,yes,yes,N/A,Traditional/Virtual,N/A,20%,42%,19327,368,#VALUE!,N/A,N/A,24%,5%,5%,64%,0%,2%,28%,0%,72%,
Life Skills Center of Arizona,"Phoenix, AZ",85051,183,,yes,yes,yes,N/A,Traditional/Virtual,yes,5%,2%,17743,328,#VALUE!,N/A,N/A,18%,15%,3%,61%,1%,2%,64%,10%,25%,
E-Institute at Avondale,"Avondale, AZ",85323,80,N/A,yes,yes,yes,N/A,Traditional,N/A,20%,30%,21288,434,#VALUE!,N/A,N/A,4%,11%,0%,78%,3%,5%,53%,8%,40%,
Estrella High School,"Avondale, AZ",85323,258,yes,yes,yes,yes,N/A,Traditional,N/A,30%,30%,15742,273,#VALUE!,N/A,N/A,10.50%,17.90%,0%,67.90%,0%,3.70%,61%,5%,34%,
La Joya Community High School,"Avondale, AZ",85353,2226,yes,yes,yes,yes,N/A,Traditional/Virtual,yes,19%,19%,1042,37,27.5:1,N/A,N/A,8%,13%,0%,74%,1%,4%,53%,10%,37%,
West-Mec - Agua Fria High School,"Avondale, AZ",85323,3,N/A,yes,yes,yes,N/A,Traditional,N/A,N/A,N/A,25708,602,#VALUE!,N/A,N/A,33%,0%,0%,67%,0%,0%,0%,0%,100%,
West-Mec - La Joya High School,"Avondale, AZ",85353,5,N/A,yes,yes,yes,N/A,Traditonal,N/A,30%,22%,25512,584,#VALUE!,N/A,N/A,0%,40%,0%,60%,0%,0%,0%,0%,100%,
Chandler High School,"Chandler, AZ",85225,3184,yes,yes,yes,yes,8th,Traditional,yes,25%,32%,185,8,20.8:1,N/A,N/A,34%,10%,2%,46%,6%,2%,43%,5%,52%,
Chandler Online Academy,"Chandler, AZ",85225,179,yes,yes,no,no,N/A,Virtual,no,48%,63%,17850,329,89.5:1,N/A,N/A,78%,2%,0%,15%,4%,1%,6%,2%,93%,
Gilbert High School,"Gilbert, AZ",85234,2434,yes,yes,no,yes,99th,Traditional,N/A,35%,34%,739,30,21.4:1,N/A,N/A,66%,3%,1%,24%,3%,2%,0%,0%,99%,
Gilbert Junior High School ,"Gilbert, AZ",85234,508,N/A,N/A,N/A,N/a,N/A,N/A,N/A,N/A,N/A,Unranked,130,17.6:1,N/A,N/A,53%,8%,1%,35%,3%,1%,1%,0%,99%,
Great Hearts Academies - Arete Prep,"Gilbert, AZ",85224,523,yes,yes,yes,yes,N/A,Traditional,yes,75%,65%,10443,194,#VALUE!,N/A,N/A,71%,4%,1%,17%,4%,3%,N/A,N/A,N/A,
Intelli-School - Metro Center,"Phoenix, AZ",85234,111,yes,yes,yes,yes,N/A,Traditional,N/A,42%,25%,20045,398,#VALUE!,N/A,N/A,25%,6%,9%,59%,0%,1%,61%,9%,30%,
Intelli-School - Paradise Valley,"Phoenix, AZ",85022,87,yes,yes,yes,yes,N/A,Traditional,N/A,N/A,N/A,21008,424,#VALUE!,N/A,N/A,37%,6%,2%,52%,0%,3%,52%,5%,44%,
International Commerce High School - Phoenix,"Phoenix, AZ",85014,541,yes,yes,yes,yes,N/A,Traditional,N/A,N/A,N/A,10141,186,#VALUE!,N/A,N/A,9%,8%,0%,80%,0%,3%,1%,0%,99%,
Jail-Maricopa County Sheriffs Office,"Phoenix, AZ",85003,0,N/A,N/A,N/A,N/A,N/A,N/A,N/A,N/A,N/A,N/A,N/A,N/A,N/A,N/A,N/A,N/A,N/A,N/A,N/A,N/A,N/A,N/A,N/A,
Kaizen Education Foundation Dba Maya High School,"Phoenix, AZ",85051,378,yes,yes,yes,yes,N/A,Traditional,yes,10%,10%,13045,236,#VALUE!,N/A,N/A,13%,14%,3%,66%,3%,1%,1%,99%,1%,
Great Hearts Academies - North Phoenix Prep,"Phoenix, AZ",85022,352,yes,yes,yes,yes,N/A,Traditional,N/A,53%,72%,"13,582",245,#VALUE!,N/A,N/A,71%,2%,2%,15%,7%,3%,0%,0%,100%,
Great Hearts Academies - Teleos Prep,"Phoenix, AZ",85034,216,yes,N/A,yes,yes,N/A,Traditional,N/A,38%,32%,Unranked,Unranked,#VALUE!,N/A,N/A,6%,44%,1%,42%,1%,5%,55%,14%,31%,
Great Hearts Academies - Veritas Prep,"Phoenix, AZ",85018,709,yes,yes,yes,yes,N/A,Traditional,N/A,60%,65%,"8,185",164,#VALUE!,N/A,N/A,76%,1%,0%,16%,3%,3%,0%,0%,100%,
Greenway High School,"Phoenix, AZ",85053,1429,yes,yes,yes,yes,N/A,Traditional,N/A,N/A,N/A,"3,646",108,21:01,N/A,N/A,59%,5%,2%,29%,4%,1%,34%,8%,57%,
Greenway Middle School,"Phoenix, AZ",85032,499,yes,N/A,N/A,yes,N/A,Traditional,N/A,12%,17%,Unranked,Unknown,19.4:1,N/A,N/A,10%,4%,2%,82%,2%,2%,73%,6%,22%,
Crown Point High School,Phoenix,85033,2964,yes,yes,N/A,N/A,N/A,N/A,N/A,N/A,N/A,"20,798",419,#SPILL!,N/A,N/A,10.00%,3%,0.20%,14.10%,3%,72.70%,21.92%,0%,78.08%,
Cyber High SChool,Phoenix,85020,53,N/A,N/A,N/A,N/A,N/A,N/A,N/A,N/A,N/A,"22,481",469,#SPILL!,N/A,N/A,17%,15%,0%,62%,2%,4%,6%,0%,94%,
Deer Valley Middle School,Phoenix,85027,1568,yes,N/A,N/A,N/A,N/A,N/A,N/A,39%,N/A,6336,109,10:01,N/A,N/A,55.20%,5.90%,1.20%,30.50%,2.60%,4.60%,17%,0%,83%,
Desert Foothills Middle School,Phoenix,85053,657,N/A,N/A,N/A,N/A,N/A,N/A,N/A,N/A,31.09%,N/A,851,15.50%,N/A,N/A,40.80%,7.60%,2%,42.60%,2.40%,4.60%,57.80%,0%,42.20%,
Desert Garden Montessori,Phoenix,85044,268,N/A,N/A,N/A,N/A,N/A,N/A,N/A,N/A,N/A,N/A,N/A,5:01,N/A,N/A,64%,2%,2%,6%,2%,24%,N/A,0%,N/A,
91st psalm Christian School,"Phoenix, AZ",85042,168,Yes,Yes,No,Yes,N/A,Traditional,No,N/A,N/A,3.324,8,10:01,Yes,N/A,29.2,18.2,3.9,45,3.2,1.5,N/A,N/A,N/A,
Aace Paradise Valley,"Phoenix, AZ",85032,322,Yes,No,No,Yes,N/A,N/A,No,42%,52%,"8,600",151,N/A,N/A,N/A,71.4,2.2,0.3,19.3,2.5,4.3,N/A,N/A,N/A,
Aace Smcc Campus,"Phoenix, AZ",85042,499,No,No,No,Yes,N/A,Traditional,N/A,28%,13%,"11,894",294,N/A,N/A,N/A,6.2,5,1,85.6,1,1.2,18.4,61.3,N/A,
Accel,"Phoenix, AZ",85051,175,No,No,No,Yes,N/A,N/A,N/A,N/A,N/A,"2,938",24,8:01,N/A,N/A,28.6,12,1.6,30.7,0.5,26.6,N/A,N/A,N/A,
Accelerated Learning Center,"Phoenix, AZ",85028,151,Yes,No,No,No,N/A,N/A,N/A,30%,30%,N/A,,#VALUE!,N/A,N/A,74,1,0.7,19.2,N/A,5.3,1,1,N/A,
West-Mec - West View High School,Avondale,85353,10,no,NA,NA,NA,NA,NA,No,NA,NA,NA,NA,#VALUE!,NA,NA,20,20,10,40,0,10,0,0,0,
Westview High School,Avondale,85353,2423,yes,NA,NA,yes,NA,traditional,NA,21,22,9468,165,21:01,NA,no crime data,20,10,1,64,3,2,41,8,51,
Buckeye Union High School,Buckeye,85326,1402,Yes,yes,NA,yes,NA,traditional,Yes,22,21,10815,191,22:01,NA,low crime,32,8,1,58,0.5,0.5,17,3,80,
West-Mec - Desert Edge High School,"Goodyear,AZ",85338,2,N/A,N/A,N/A,N/A,N/A,N/A,N/A,N/A,N/A,"25,823",609,#VALUE!,N/A,N/A,50,0,N/A,50,0,0,N/A,N/A,N/A,
West-mec-Estrella East Hills High School,"Goodyear,AZ",85338,16,N/A,N/A,N/A,yes,N/A,N/A,no,N/A,N/A,"24,575",533,#VALUE!,N/A,N/A,81,0,N/A,13,0,1,N/A,N/A,N/A,
West-mec-Millenium High School,"Goodyear,AZ",85338,N/A,N/A,N/A,N/A,N/A,N/A,N/A,no,N/A,N/A,N/A,N/A,N/A,N/A,N/A,N/A,N/A,N/A,N/A,N/A,N/A,N/A,N/A,N/A,
Williams Field High School,"Higley,AZ",85236,1859,yes,No,No,N/A,N/A,Traditional,no,N/A,N/A,2001,68,28.7:1,N/A,N/A,63,5,N/A,22,5,4,7,4,89,
West-Mec - Desert Edge High School,"Goodyear,AZ",85236,1847,yes,yes,no,yes,N/A,Academically adavanced,N/A,50,50,9497,166,17.7:1,N/A,N/A,9,27,4,53,3,4,58,58,N/A,
Imagine East Mesa Middle School,"Mesa,AZ",85208,124,yes,no,yes,yes,NA,traditional,No,37%,42%,523,223,#VALUE!,NA,NA,76,8,2,40,4,3,52,12,NA,
Gilbert Classical Academy Junior,"Glibert,AZ",85234,225,yes,no,yes,yes,NA,Socratic,no,88%,85%,47,11,#VALUE!,NA,low,64,6,0,30,38,6,NA,NA,NA,
Gilbert Christian Schools,"Gilbert,AZ",85296,766,yes,yes,yes,yes,42,traditional,yes,52%,58%,703,8,14:01,NA,NA,85,12,1,48,29,6,NA,NA,NA,
Gilbert Global Academy High School,"Gilbert,AZ",85296,45,yes,yes,yes,no,NA,traditional,no,58%,47%,"10,990",195,#VALUE!,NA,NA,34,2,2,6,1,0,NA,NA,NA,
Gilbert Classical Academy High School,"Gilbert,AZ",85234,292,yes,yes,yes,yes,86,one-to-one integrated technology incorporated with Socratic instruction,NA,92%,92%,47,7,13:01,NA,low,63,6,1,43,53,3,NA,NA,NA,
Vista Peak,"Phoenix, AZ",85027,64,Yes,Yes,No,Yes,N/A,Alternative blended learning environment,Yes,29%,19%,22127,1321,4:01,0,2,64%,16%,2%,15%,0%,3%,52%,5%,52%,
Vista Verde Middle School,"Phoenix, AZ",85032,656,Yes,No,Yes,Yes,N/A,Traditional Learning,No,13%,26%,1251,383,20:01,0,48,4%,32%,3%,56%,2%,2%,52%,9%,39%,
Washington High School,"Phoenix, AZ",85021,1845,Yes,Yes,Yes,Yes,30,Traditional Learning,Yes,21%,26%,3571,56,23:01,2,58,17%,13%,3%,60%,6%,1%,66%,7%,26%,
West Phoenix High School,"Phoenix, AZ",85019,465,Yes,Yes,Yes,Yes,N/A,Comprehensive learning,Yes,8%,17%,12304,1596,37:01:00,2,58,2%,5%,1%,90%,0%,1%,83%,4%,14%,
West-mec - Barry Goldwater High School,"Phoenix, AZ",85031,331,Yes,Yes,Yes,Yes,N/A,comprehensive learning,Yes,50%,35%,Unranked,Unranked,N/A,1,50,39%,9%,N/A,52%,N/A,60.9,0%,0%,100%,
Faith Christian School,"Mesa, AZ",85205,197,Yes,Yes,Yes,Yes,NA,Christian education,NA,600,550,"3,896th out of 7,602",35th out of 74,6.7,NA,NA,64%,3%,0%,16%,16%,1%,N/A,N/A,N/A,
Franklin Junior High School,"Mesa, AZ",85206,261,Yes,Yes,Yes,Yes,NA,Rigorous Academic curriculum,NA,89%,93%,Unranked,5,21:01,NA,NA,67%,1%,0.40%,26%,2%,5%,8%,15%,N/A,
Fremont Junior High School,"Mesa, AZ",85205,1012,no,NA,yes,yes,50%,District Adopted Curriculum,Yes,39%,37%,Unranked,135,19:01,No Suicides,NA,52%,4%,2%,37%,1%,4%,40%,8%,53%,
Heritage Academy,"Mesa, AZ",85210,"1,556",yes,yes,yes,yes,NA,Alternative curriculums,No,46%,61%,"3,302",52,1556:01:00,No Suicides,NA,70.80%,0.50%,0.30%,25.50%,0.60%,2.30%,NA,NA,NA,
Highland Jr High School,"Mesa, AZ",85212,988,NA,yes,yes,yes,NA,Traditional,Yes,52%,55%,Unranked,170,17:!,No Suicides,NA,66.20%,1.60%,0.60%,23.40%,2.10%,6.10%,0%,0%,100%,
Ombudsman - Charter Metro,Phoenix,85051,213,,,,,,,'',,,,,,,,,,,,,,,,,
Ombudsman - Charter Northeast,Phoenix,85032,105,,,,,,,,,,,,,,,,,,,,,,,,
Osborn Middle School,Phoenix,85013,446,,,,,,,,,,,,,,,,,,,,,,,,
Palo Verde Middle School,Phoenix,85051,768,,,,,,,,,,,,,,,,,,,,,,,,
Pan-American Charter Schoo,Phoenix,85017,682,,,,,,,,,,,,,,,,,,,,,,,,
"Great Hearts Academies - Scottsdale Prep",Scottsdale,85250,360,Yes,Yes,Yes,Yes,1 out of 17 in the state of Arizona,Classical liberal arts education,Yes,72%,80%,"3,532",54,#VALUE!,No Suicides,No crime rate,77%,1%,0.01,8%,9%,1%,N/A,N/A,N/A,
"Horizon High School",Scottsdale,85254,"2,242",Yes,Yes,Yes,Yes,10 out of 17 in the state of Arizona,College preparatory,Yes,78%.,76%.,"4,862",36,26:01:00,school has had 1 reported suicide in the past 5 years.,The school has a low crime rate.,77%,2%,1%,12%,4%,1%,6%,1%,93%,
Notre Dame Preparatory,Scottsdale,85260,898,Yes,Yes,Yes,Yes,N/A,College preparatory,Yes,86%.,84%,361,4,14:01,No Suicides,The school has a low crime rate,88%,1%,0%,3%,3%,0%,12%,12%,76%,
Saguaro High School,Scottsdale,85250,"1,292",Yes,Yes,Yes,Yes,school's sports teams are ranked 10th in the state of Arizona,College preparatory,Yes,79%,77%,"2,683",42,21.1:1,school has had 1 reported suicide in the past 5 years.,school has a low crime rate,68%,4%,1%,19%,5%,0%,18%,3%,78%,
Salt River Accelerated Learning Academy,Scottsdale,85256,43,Yes,Yes,Yes,No,N/A,College preparatory,Yes,85%,80%,Not ranked,,#VALUE!,No Suicides,No crime rate,0%,0%,1%,5%,0%,0%,21%,0%,79%,
Midtown High School,Phoenix,85035,26,Yes,Yes,Yes,Yes,N/A,traditional,Yes,NA,NA,"23,944",510,#VALUE!,No Suicides,NA,4%,0%,0%,96%,0%,0%,16,0%,10,
Moon Valley High School,Phoenix,85029,1469,Yes,Yes,Yes,Yes,91,traditional,Yes,30%,21%,"3,474",107,21.6:1,No Suicides,NA,41%,9%,3%,42%,3%,2%,49%,10%,41%,
Mosaica Online High School of Arizona,Phoenix,85016,5,NA,NA,NA,NA,NA,traditional,NA,NA,NA,25512,584,1:01,No Suicides,NA,80%,0%,1%,0%,0%,0%,0%,0%,100%,
Mountain Pointe High School,Phoenix,85044,2633,Yes,Yes,Yes,Yes,NA,traditional,Yes,22%,26%,506,21,23.3:1,No Suicides,low crime rate,35%,22%,3%,30%,3%,1%,1%,1%,98%,
Mountain Sky Middle School,Phoenix,85023,770,Yes,Yes,Yes,Yes,NA,traditional,Yes,40%,38%,NA,183,22.6:1,No Suicides,No crime rate,47%,5%,3%,40%,2%,3%,55%,6%,39%,
Adobe Mountain School,Phoenix,85028,204(Year-2015),Yes,Yes,Yes,Yes,N/A,Personalized,NA,<20%,32%,NA,NA,17:01,Has Sucide Cases,3 students have turned into criminals.,32%,15%,6%,45%,0%,1%,0%,0%,100%,
Aim Higher College Prep Academy,Phoenix,85040,24(Year-2015),No,N/A,Yes,Yes,N/A,Classical Education Model,No,25%,25%,NA,NA,20.2:1,No Sucides,No Crime,4%,8%,0%,88%,0%,0%,29%,0%,71%,
Alhambra High School,Phoenix,85019,2775(Year-2015),No,No,No,Yes,N/A,N/A,Yes,30%,30%,"10,646",188,23:01,Has one Sucide death,Gun violence,6%,8%,2%,79%,5%,6%,84%,6%,11%,
Amerischools Academy- Camel Back,Phoenix,85013,228(Year-2015),No,No,No,Yes,N/A,continuous progress practices,Yes,17%,22%,N/A,N/A,17:01,No Sucides,No Crimes,21%,24%,4%,44%,3%,5%,11%,2%,87%,
Arcadia High School,Phoenix,85018,1741(Year-2015),Yes,Yes,Yes,Yes,5584,"E-learning, Blended Learning, Creddit Recovery",Yes,29%,34%,5507,88,23.5:1,No Sucides,No Crimes,54%,4%,2%,35%,3%,2%,27%,3%,70%,
Precision Academy,Phoenix,85035,66,YES,YES,YES,YES,N/A,NONE,N/A,N/A,41.67,13261-17680,402,N/A,N/A,N/A,0%,5%,2%,94%,0%,0%,N/A,N/A,52%,
Premier Charter High School,Phoenix,85033,146,YES,YES,YES,YES,N/A,NONE,YES,N/A,41.67,N/A,441,N/A,N/A,N/A,1%,4%,1.36%,92%,0%,1.36%,N/A,N/A,61%,
Prospect School,Phoenix,85032,N/A,N/A,N/A,N/A,N/A,N/A,N/A,N/A,N/A,N/A,N/A,N/A,N/A,N/A,N/A,N/A,N/A,N/A,N/A,N/A,N/A,N/A,N/A,N/A,
Pvonline,Phoenix,85032,414,YES,YES,YES,NO,N/A,ACADEMICALLY ADVANCED,N/A,30-35%,50-54%,12328,452,19.85,N/A,N/A,50%,7.24%,1.44%,31.88%,3.62%,5.79%,N/A,N/A,N/A,
Rcb Medical Arts Academy,Phoenix,85019,N/A,N/A,N/A,N/A,N/A,N/A,N/A,N/A,N/A,N/A,N/A,N/A,N/A,N/A,N/A,N/A,N/A,N/A,N/A,N/A,N/A,N/A,N/A,N/A,
Mesa Academy for Advanced Studies,Mesa,85207,433,yes,NA,NA,yes,23,traditional,yes,96%,98%,1854,1,20.9:1,No Suicide,No Crime,78%,1%,0%,10%,9%,2%,7%,4%,89%,
Mesa Distance Learning Program,Mesa,85203,205,yes,NA,yes,yes,NA,virtual,yes,32%,47%,13383,250,136.7:1,No Suicide,No Crime,62%,2%,2%,26%,2%,4%,NA,NA,NA,
Mesa High School,Mesa,85204,3480,yes,yes,yes,yes,NA,outcome based,yes,50%,23%,7961,139,22.3:1,No Suicide,No Crime,29%,4%,2%,62%,1%,2%,58%,10%,10%,
Mesa Transitional Learning Center,Mesa,85210,70,yes,no,no,NA,NA,NA,NA,NA,NA,NA,NA,NA,NA,NA,NA,NA,NA,NA,NA,NA,NA,NA,NA,
Mountain View High School,Mesa,85213,3343,yes,yes,yes,yes,30,traditional,yes,37%,37%,3795,100,16.4:1,1,low crime rate,66%,3%,4%,24%,2%,1%,27%,6%,67%,
Tolleson #206,Tolleson,85353,2914,yes,no ,no,yes,N/A,traditional / non- traditional,no,30,30,N/A,N/A,24-1,no,no,9.4,12.7,1.3,70.9,2.3,3,23,0,N/A,
Tolleson Union High School,Tolleson,85353,2054,yes,no ,no,yes,N/A,traditional,no,12,22,9882,129,21-1,no,no,4.1,9.5,1,82.4,1.1,1.5,22,0,N/A,
University High School,Tolleson,85353,405,Yes,Yes,yes,Yes,N/A,traditional,no,30,89,27,5,24-1,no,no,10.1,9.4,0.2,63.5,14.1,2.5,,N/A,N/A,
West-Mec- Sierra Linda High School,Tolleson,85353,1865,yes,no,no,yes,N/A,traditional,no,30,30,13260,162,22-1,no,no,3.3,7.9,0.9,85.1,0.9,1.3,,N/A,N/A,
West-Mec- Tolleson Union High School,Tolleson,85353,11,Yes,No,No,no,N/A,traditional,no,30,30,N/A,N/A,N/A,no,no,9.1,27.3,27.3,63.6,0,0,N/A,N/A,N/A,
Betty Fairfax High School ,Laveen,85339,1847,yes,yes,no,yes,N/A,Academically Advanced,N/A,50%,50%,9497,166,17.7:1,NA,NA,9,27,4,53,3,4,58%,58%,N/A,
Cesar Chavez High School,Laveen,85339,2685,yes,yes,yes,yes,N/A,Academically Advanced,yes,45%,43%,8288,144,20.6:1,NA,NA,3,15,4,74,1,2,62%,62%,N/A,
Country Gardens Charter School,Laveen,85339,413,N/A,yes,yes,N/A,N/A,traditional,no,40%,36%,657,413,NA,NA,NA,20,12,1,63,0,4,N/A,N/A,N/A,
Heritage Academy Laveen ,Laveen,85339,584,yes,yes,no,yes,N/A,traditional,no,42%,47%,7040,135,NA,NA,NA,28,13,4,50,4,1,50%,,N/A,
Academy with Community Partners ,Mesa,85203,135,yes,no,no,N/A,N/A,Academically Advanced,yes,50%,50%,13383,250,NA,NA,NA,29,8,2,56,0,5,78%,78%,N/A,
Desert Pointe Academy (closed),Peoria,85345,N/A,N/A,N/A,N/A,N/A,N/A,N/A,N/A,N/A,N/A,N/A,N/A,N/A,N/A,N/A,N/A,N/A,N/A,N/A,N/A,N/A,N/A,N/A,N/A,
Great Hearts Academies - Glendale Prep,Peoria,85383,593,no,no,no,yes,N/A,traditional,no,58%,72%,5391,198,NA,NA,NA,73,1,0,12,9,5,0,0,100,
Liberty High School,Peoria,85383,2109,yes,yes,yes,yes,N/A,traditional,yes,73%,55%,5817,40,22:01,NA,NA,78,4,1,12,2,3,9,3,88,
Ombudsman - Charter Northwest,Peoria,85345,113,yes,no,yes,no,N/A,non-traditional,yes,20%,39%,19951,393,NA,NA,NA,31,13,4,51,0,1,8,1,91,
Peoria Accelerated High School,Peoria,85345,531,no,no,yes,yes,N/A,traditional,yes,5%,8%,8620,191,NA,NA,NA,20,11,2,64,1,3,84,6,10,
West-mec - Verrado High School,"Buckeye, AZ",85396,1,,Yes,yes,yes,N/A,Traditional,yes,55%,50%,"25,948",630,#VALUE!,NA,NA,100,0%,0%,0%,0%,0%,0%,0%,100%,
West-mec - Youngker High School,"Buckeye, AZ",85326,24,,Yes,yes,yes,N/A,Traditional,yes,57%,32%,"24,174",514,#VALUE!,NA,NA,50%,21%,0%,25%,4%,0%,0%,0%,100%,
Youngker High School,"Buckeye, AZ",85326,"1,987",,Yes,Yes,Yes,N/A,Traditional,yes,21%,26%,"3,378",106,23:01,NA,NA,23%,9%,1%,64%,1%,2%,17%,8%,75%,
Arizona College Prep,"Chandler, AZ",85224,"1,225",Yes,Yes,yes,yes,N/A,Traditional,yes,91%,83%,"9,474",181,22.3:1,NA,NA,43%,4%,1%,15%,30%,7%,8%,2%,90%,
Az Compass Prep School,"Chandler, AZ",85225,248,,,yes,yes,N/A,Traditional,,12%,12%,"18,895",352,#VALUE!,NA,NA,12%,24%,32%,26%,2%,4%,10%,87%,2%,
Independence High School,"Glendale, AZ",85308,2100,Yes,Yes,Yes,Yes,,College Preparatory Curriculum,Yes,23.4,22.9,3552,59,22:01,3,10,60%,15%,1%,18%,4%,2%,35%,15%,50%,
Intelli-school Glendale,"Glendale, AZ",85308,100,Yes,No,Yes,Yes,NA,College Preparatory Curriculum,Yes,NA,NA,"20,398",408,10:01,NA,NA,70%,10%,0%,20%,0%,10%,20%,10%,70%,
Ironwood High School,"Glendale, AZ",85308,2046,Yes,Yes,Yes,Yes,15,College Preparatory Curriculum,Yes,23.6,22.8,1998,67,22:01,2,12,55%,15%,1%,23%,4%,2%,35%,15%,50%,
Jefferson Preparatory High School,"Glendale, AZ",85308,250,Yes,Yes,Yes,No,NA,College Preparatory Curriculum,Yes,24.2,23.7,"19,994",396,12:01,NA,NA,60%,15%,1%,20%,4%,0%,15%,10%,75%,
Life Development Institute,"Glendale, AZ",85308,100,No,Yes,Yes,No,NA,Non Traditional Curriculum,Yes,NA,NA,"6,189",63,6:01,NA,NA,70%,10%,0%,20%,0%,10%,20%,10%,70%,
Arizona Call-A-Teen Center for Excellence,"Phoenix, AZ",85003,99,yes,No,Yes,Yes,N/A,Traditional,Yes,N/A,N/A,"20,508",411,#VALUE!,N/A,N/A,3%,3%,4%,89%,0%,0%,N/A,N/A,N/A,
Arizona Collegiate High School,"Phoenix, AZ",85017,159,yes,Yes,Yes,Yes,N/A,Traditional,Yes,30,30,"18,400",338,#VALUE!,N/A,N/A,5%,8%,2%,85%,0%,0%,67%,31%,2%,
Arizona Conservatory for Arts and Academics,"Phoenix, AZ",85053,242,yes,Yes,Yes,Yes,N/A,Traditional,Yes,27,42,"16,134",284,#VALUE!,N/A,N/A,68%,8%,2%,19%,1%,0%,34%,9%,57%,
Arizona Cultural Academy & College Prep,"Phoenix, AZ",85042,349,yes,Yes,Yes,Yes,N/A,Traditional/Virtual,Yes,25,25,"1,775",16,11:01,N/A,N/A,40%,27%,0%,4%,27%,0%,N/A,N/A,N/A,
Arizona Insight Academy,"Phoenix, AZ",85004,840,yes,Yes,Yes,Yes,N/A,Traditional/Virtual,Yes,16,23,"7,062",143,#VALUE!,N/A,N/A,65%,6%,3%,20%,0%,0%,36%,18%,45%,
Brightmont Academy,"Scottsdale, AZ",85254,70,Yes,Yes,Yes,Yes,NA,Traditional,Yes,NA,NA,7053,70,2:01,No Suicides,No crime rate,86%,0%,0%,14%,0%,0%,NA,NA,NA,
Cactus Shadows High School,"Scottsdale, AZ",85266,1714,Yes,Yes,Yes,Yes,NA,Traditional,Yes,46%,49%,2512,90,25.9:1,No Suicides,No crime data,88%,1%,0%,7%,3%,1%,7%,1%,92%,
Chaparral High School,"Scottsdale, AZ",85253,2134,Yes,Yes,Yes,Yes,NA,Traditional,Yes,35%,40,1378,47,23.5:1,yes,yes,82%,3%,1%,8%,6%,1%,4%,1%,95%,
Coronado High School,"Scottsdale, AZ",85257,1041,Yes,Yes,Yes,Yes,NA,Traditional,Yes,8%,12%,5699,131,17.4:1,yes,No crime data,25%,7%,8%,57%,1%,2%,59%,8%,34%,
Desert Mountain High School,"Scottsdale, AZ",85259,2244,Yes,Yes,Yes,Yes,NA,Traditional,Yes,47%,49%,1009,35,23.1:1,yes,yes,77%,3%,1%,8%,11%,1%,5%,1%,94%,
West-mec - Cortez High School,"Phoenix, AZ",85051,4,Yes,Yes,Yes,Yes,N/A,Career and Technical Education (CTE),Yes,64%,49%,"25,823",609,#VALUE!,N/A,N/A,50%,50%,0%,0%,0%,0%,N/A,N/A,N/A,
West-mec - Greenway High School,"Phoenix, AZ",85053,5,Yes,Yes,No,No,N/A,Career and Technical Education (CTE),Yes,69%,64%,N/A,N/A,N/A,N/A,N/A,0%,0%,0%,0%,0%,0%,N/A,N/A,N/A,
West-mec - Moon Valley High School,"Phoenix, AZ",85029,2,No,No,No,No,N/A,Career and Technical Education (CTE),Yes,74%,64%,"25,823",609,#VALUE!,N/A,N/A,100%,0%,0%,0%,0%,0%,N/A,N/A,N/A,
West-mec - North Canyon High School,"Phoenix, AZ",85024,6,Yes,Yes,Yes,Yes,N/A,Career and Technical Education (CTE),Yes,39%,39%,"25,423",576,#VALUE!,N/A,N/A,50%,0%,17%,17%,0%,17%,13%,7%,N/A,
West-mec - Paradise Valley High School,"Phoenix, AZ",85032,1,No,No,No,No,N/A,Career and Technical Education (CTE),Yes,40%,42%,"25,948",630,#VALUE!,N/A,N/A,0%,0%,0%,0%,0%,100%,N/A,N/A,N/A,
Phoenix Union Bioscience High School,"Phoenix, AZ",85004,377,Yes,Yes,Yes,Yes,N/A,Traditional,No,24,26,359,14,16.3:1,N/A,N/A,12.5,4,N/A,71.1,8.2,4.3,0.5,0.15,N/A,
Pillar Academy Online,"Phoenix, AZ",85021,22,No,No,Yes,No,No,Online,No,N/A,N/A,Unranked,Unranked,N/A,N/A,N/A,18.2,N/A,N/A,81.8,N/A,N/A,N/A,N/A,N/A,
Pinnacle High School,"Phoenix, AZ",85050,"2,558",Yes,Yes,Yes,Yes,N/A,Traditional,Yes,49,54,1998,27,24:01:00,N/A,N/A,74.9,1.8,0.2,13.6,4.3,5.4,4,0,N/A,
Premier Charter High School,"Phoenix, AZ",85033,146,No,No,Yes,Yes,N/A,Traditional,Yes,N/A,N/A,N/A,N/A,N/A,N/A,N/A,0.7,4.1,N/A,92.5,N/A,2.8,39,0,N/A,
Scottsdale Christian Academy,"Phoenix, AZ",85032,773,N/A,No,N/A,Yes,N/A,Traditional,Yes,25,27,N/A,N/A,13:01,N/A,N/A,89.7,3.1,N/A,3.6,1.9,1.7,N/A,N/A,N/A,
Intelli School,"Chandler, AZ",85225,81,Yes,No,Yes,Yes,N/A,Traditional,Yes,N/A,N/A,21252,431,16.4:1,N/A,N/A,16,4,4,65,1,5,43.7,12,44.3,
Kaizen Education Foundation Dba El Dorado High School,"Chandler, AZ",85224,139,Yes,Yes,No,Yes,N/A,Traditional,Yes,22.4,23.4,19037,354,#VALUE!,N/A,N/A,19,16,2,63,1,3,65,12,23,
Ken 'chief' Hill Learning Academy,"Chandler, AZ",85225,166,yes,No,No,Yes,N/A,Traditional,Yes,23.4,24.5,N/A,N/A,N/A,N/A,N/A,N/A,N/A,N/A,N/A,N/A,N/A,N/A,N/A,N/A,
Hamilton High School,"Chandler, AZ",85248,3926,yes,No,Yes,Yes,N/A,Traditional/virtual,Yes,27,27,64,1,24:01:00,N/A,N/A,45.3,6.9,2.2,23.3,18.5,1,20,2,78,
Mosaica Preparatory Academy of Chandler,"Chandler, AZ",85226,Unknown,Yes,Yes,Yes,Yes,N/A,Traditional,Yes,N/A,N/A,Unranked,Unranked,Unknown,N/A,N/A,Unknown,Unkown,Unkown,Unkown,Unkown,Unkown,Unkown,Unkown,Unknown,
Sonoran Desert School,"Mesa, AZ",85205,23 (closed 2021),Yes,No,N/A,Yes,N/A,Traditional,N/A,45%,36%,N/A,441,18:01,N/A,N/A,80%,5%,0,15%,5%,0,16%,8%,76%,
Stapley Junior High School,"Mesa, AZ",85213,954,No,No,Yes,Yes,N/A,Traditional,Yes,58%,52%,unranked,111,21:01,N/A,N/A,65%,1.20%,9.10%,20.90%,0.90%,2.60%,25%,6%,69%,
Sunny Valley High School,"Mesa, AZ",85204,376,Yes,Yes,Yes,Yes,N/A,Traditional,Yes,30%,30%,"10,272",390,N/A,N/A,N/A,18.4,6.9,3.2,66.8,0.8,4,4%,95%,1%,
Taylor Junior High School,"Mesa, AZ",85204,1153,Yes,Yes,No,Yes,N/A,Traditional,Yes,41,34,unranked,unknown,19:01,N/A,N/A,35,5,3,53,1,2,60,12,28,
Vista Grove Preparatory Academy Middle School,"Mesa, AZ",85213,61,No,No,No,Yes,N/A,Traditional,Yes,5%,15%,unranked,unranked,#VALUE!,N/A,N/A,23%,10,7,49,0,11,100,0,0,
Apollo High School,"Glendale,AZ",85302,2157,yes,yes,yes,yes,58,Traditional,N/A,26%,30%,5256,167,24:01:00,N/A,N/A,54%,9%,6,26,,20,100,10,1,
Arrowhead Christian Academy,"Glendale,AZ",85308,2654,yes,yes,yes,yes,72,Traditional,yes,19,43,4210,128,10:01,N/A,N/A,32%,10%,N/A,15,,26,24,9,3,
Cactus High School,"Glendale,AZ",85306,1146,yes,yes,yes,yes,N/A,Tradaitional,yes,72,52,7212,64,18:01,N/A,N/A,12%,12%,4,8,,17,15,2,6,
Children'S Center for Neurodevelopmental Studies,"Glendale,AZ",85301,1543,yes,yes,no,yes,N/A,Traditional,N/A,43,15,5210,742,7:01,N/A,N/A,60%,15%,1,16,,16,17,10,0,
Copper Canyon High School,"Glendale,AZ",85305,2195,yes,no,yes,yes,84,Traditional,N/A,54,26,8840,159,24:01:00,N/A,N/A,54,7,12,5,2,6,8,15,4,
Paradise Honors High School,"Surprise, AZ",85374,514,Yes,Yes,Yes,Yes,46,Traditional and Online,Yes,22%,26%,"10,575th out of 26,089",196th out of 659,#VALUE!,NA,3,72%,5%,0%,18%,3%,2%,14%,12%,7%,
Shadow Ridge High School,"Surprise, AZ",85388,"2,003",Yes,Yes,Yes,Yes,57,Traditional ,Yes,34%,NA,"1579th out of 26,089 ",53rd out of 659,25.4:1,NA,5,59%,9%,1%,25%,4%,3%,22%,22%,5%,
Valley Vista HighSchool,"Surprise, AZ",85374,"2,531",Yes,Yes,Yes,Yes,5,Traditional,Yes,25%,NA,"608th out of 26,089",27th out of 659,26.8:1,2,NA,45%,10%,1%,38%,1%,1%,42%,42%,10%,
West Mec - Valley Vista High School,"Surprise, AZ",85374,3,Yes,No,NA,Yes,NA,NA,NA,18%,NA,"25,708th out of 26,089",602 out of 659,#VALUE!,NA,NA,0%,33%,0%,67%,0%,0%,NA,NA,NA,
West Mec - Willow Canyon high School,"Surprise, AZ",85374,21,No,No,NA,Yes,NA,NA,NA,59%,55%,Unranked,Unranked,NA,NA,NA,NA,NA,2%,NA,NA,NA,NA,NA,NA,
Starshine Academy,"Phoenix, AZ",85008,221 in 2015 year,Yes,Yes,NA,Yes,NA,Holistic Approach,NA,NA,NA,"16,664th out of 26,089",293rd out of 659,#VALUE!,NA,NA,6%,26%,NA,57%,2%,NA,54%,2%,44%,
Sunnyslope High School,"Phoenix, AZ",85021,1647 in 2022 year,Yes,Yes,Yes,Yes,14th AZ,Phonetic method,Yes,47.7,48.1,"1,512th out of 26,089",177,17:01,0,NA,30%,15%,3%,45%,5%,2%,70%,15%,15%,
Suns-diamondbacks Education Academy,"Phoenix, AZ",85014,207 in 2015 year,Yes,Yes,NA,Yes,214/385 AZ,Alternative program,Yes,NA,NA,"17,047th out of 26,089",303rd out of 659,24.4:1,NA,NA,4%,7%,NA,79%,0%,NA,86%,4%,11%,
Sweetwater Community School,"Phoenix, AZ",85032,675 in 2022 year,Yes,Yes,Yes,Yes,1259/1854 AZ,Dynamic learning,Yes,512,523,"6,987 out of 17,843",100 out of 455,20:01,0,2.5,65.2,7.4,1.8,19.3,4.3,2,42.1,13.4,44.5,
System Phoenix,"Phoenix, AZ",85006,250 in 2022 year,Yes,Yes,Yes,Yes,6/10 AZ,Problem solving ,Yes,525,523,15,1,15:01,NA,NA,10%,7%,NA,78%,1%,NA,86%,3%,11%,
Aspc-Phoenix/Globe,phoenix,85009,1,                    Yes,                        Yes,                         NA,                    Yes,195,                                                   Traditional,                                          Yes,21%,19%,"25,948",630,                               -1:1,NA,NA,100%,0%,0%,0%,0%,0%,NA,NA,NA,
Asu Preparatory Academy- Phoenix Elementary,phoenix,85006,386,                    Yes,                        Yes,                        Yes,                    Yes,                   NA,                                  Traditional and online,                                          Yes,17%,                   NA ,                     Unranked,             Unknown,                           -1:1,NA,NA,11%,8%,2%,74%,2%,3%,58%,15%,27%,
Asu Preparatory Academy- Phoenix High School,phoenix,85006,419,                    Yes,                        Yes,                         NA,                    Yes,                    NA,                                  Traditional and online,                                         Yes,22%,22%,"12,188",221,                           -1:1,NA,NA,8%,10%,2%,77%,3%,2%,57%,13%,31%,
Barry Goldwater High School ,phoenix,85027,"1,875",                    Yes,                        Yes,                        Yes,                    Yes,211,                                                   Traditional ,                                          Yes,23%,23%,"1,964",66,                       22.2:1,NA,NA,50%,6%,1%,37%,3%,2%,41%,9%,50%,
Basis Ahwatukee,phoenix,85044,735,                    Yes,                        Yes,                         Yes,                     No,                     No,                                                   Traditional,                                          Yes,31%,32%,"7,959",160,                           -1:1,NA,NA,36%,4%,0%,6%,52%,2%,                 NA,                         NA,                 NA,
West-mec - Pinnacle High School,"Phoenix, AZ",85021,26,Yes,Yes,Yes,Yes,NA,Traditional,Yes,49%,54%,1998,523,#VALUE!,NA,NA,43%,7%,NA,44%,3%,2%,0%,0%,NA,
West-mec - Shadow Mountain High School,"Phoenix, AZ",85028,17,Yes,Yes,Yes,Yes,NA,Traditional,Yes,54%,40%,6178,Unranked,#VALUE!,NA,NA,43%,7%,NA,44%,3%,2%,0%,0%,NA,
West-mec - Sunnyslope High School,"Phoenix, AZ",85021,2032,Yes,Yes,Yes,Yes,NA,Traditional,Yes,79%,69%,2170,84,#VALUE!,NA,NA,43%,7%,NA,44%,3%,2%,0%,0%,NA,
West-mec - Thunderbird High School,"Phoenix, AZ",85023,1531,Yes,Yes,Yes,No,NA,Traditional,Yes,70%,55%,2799,Unranked,#VALUE!,NA,NA,43%,7%,NA,44%,3%,2%,0%,0%,NA,
West-mec - Tonopah Valley High School,"Phoenix, AZ",85354,449,Yes,Yes,Yes,No,NA,Traditional,Yes,69%,59%,Unranked,Unranked,#VALUE!,NA,NA,43%,7%,NA,44%,3%,2%,0%,0%,NA,
Faith Christian School,"Mesa, AZ",85205,92(2018),Yes,Yes,N/A,Yes,N/A,Christian education,N/A,600,550,"3,896th out of 7,602",35th out of 74,6.7,N/A,N/A,7720%,N/A,N/A,1410%,760%,N/A,N/A,N/A,N/A,
Franklin Junior High School,"Mesa, AZ",85206,272(2021),N/A,No,N/A,N/A,N/A,N/A,N/A,89%,93%,Unranked,Unranked,23.4 to 1,N/A,N/A,67%,1%,0.40%,26%,2%,5%,8%,15%,N/A,
Fremont Junior High School,"Mesa, AZ",85205,1012,no,NA,yes,yes,50%,District Adopted Curriculum,Yes,39%,37%,Unranked,135,19:01,No Suicides,Not Available,52%,4%,2%,37%,1%,4%,40%,8%,53%,
Heritage Academy,"Mesa, AZ",85210,1556,yes,yes,yes,yes,NA,Alternative curriculums,No,46%,61%,"3,302",52,1556:01:00,No Suicides,NA,70.80%,0.50%,0.30%,25.50%,0.60%,2.30%,NA,NA,NA,
Sun Valley High School,"Mesa, AZ",85204,376,Yes,Yes,Yes,Yes,N/A,Traditional,Yes,30%,30%,"10,272",390,N/A,N/A,N/A,18.4,6.9,3.2,66.8,0.8,4,4%,95%,1%,
BluePrint High School,"Chandler,AZ",85225,45,yes,yes,yes,yes,N/A,traditional,yes,N/A,N/A,22875,480,12:01,N/A,N/A,32%,8%,N/A,48%,12%,0%,67%,9%,N/A,
Bogle Junior High School,"Chandler,AZ",85248,1194,yes,no,N/A,yes,N/A,traditional and online,yes,49%,43%,N/A,N/A,19.42:1,N/A,N/A,N/A,N/A,N/A,N/A,N/A,N/A,N/A,N/A,N/A,
Brightmont Academy - Chandler,"Chandler,AZ",85226,21,Yes,N/A,yes,no,N/A,traditional,N/A,N/A,N/A,N/A,N/A,2:01,N/A,N/A,N/A,N/A,N/A,N/A,N/A,N/A,N/A,N/A,N/A,
Chandler Online Academy,"Chandler, AZ",85225,179,Yes,Yes,no,no,N/A,Virtual,no,48%,63%,17850,329,89.5:1,N/A,N/A,78%,2%,0%,15%,4%,1%,6%,2%,93%,
Chandler High School,"Chandler, AZ",85225,3184,Yes,Yes,Yes,Yes,8th,Traditional,yes,25%,32%,185,8,20.8:1,N/A,N/A,34%,10%,2%,46%,6%,2%,43%,5%,52%,
E-Institute at Taylion,"Glendale,AZ",85308,1200,yes,yes,yes,yes,N/A,Academically advanced,yes,85%,80%,1000,50,15:01,N/A,N/A,60%,15%,1%,15%,5%,4%,30%,20%,50%,
Gary K. Herberger Young Scholars Academy,"Glendale,AZ",85306,55,Yes,yes,yes,yes,N/A,Gifted learning,yes,N/A,N/A,5291,49,7:01,N/A,N/A,67%,5%,0%,5%,22%,0%,N/A,N/A,N/A,
Glendale High School,"Glendale,AZ",85301,2345,yes,yes,yes,yes,12,Rigorous Academic Curriculum,yes,82%,80%,1234,28,18:01,N/A,N/A,60%,15%,1%,20%,2%,2%,30%,15%,55%,
Hillcrest Middle School,"Tempe,AZ",85284,1200,yes,No,yes,yes,10,College-preparatory teaching style,yes,80%,75%,1500,50,15:01,N/A,N/A,60%,15%,10%,15%,5%,5%,30%,20%,50%,
Hope High School Online,"Tempe,AZ",85281,1000,Yes,yes,Yes,No,N/A,Academically advanced,yes,85%,80%,N/A,10,15:01,N/A,N/A,60%,15%,1%,15%,5%,4%,30%,20%,50%,
Apollo High School,"Glendale,AZ",85302,2157,yes,yes,yes,yes,58,Traditional,N/A,26%,30%,5256,167,24:01:00,N/A,N/A,54%,9%,6,26,,20,100,10,1,
Arrowhead Christian Academy,"Glendale,AZ",85308,2654,yes,yes,yes,yes,72,Traditional,yes,19,43,4210,128,10:01,N/A,N/A,32%,10%,N/A,15,,26,24,9,3,
Cactus High School,"Glendale,AZ",85306,1146,yes,yes,yes,yes,N/A,Tradaitional,yes,72,52,7212,64,18:01,N/A,N/A,12%,12%,4,8,,17,15,2,6,
Children'S Center for Neurodevelopmental Studies,"Glendale,AZ",85301,1543,yes,yes,no,yes,N/A,Traditional,N/A,43,15,5210,742,7:01,N/A,N/A,60%,15%,1,16,,16,17,10,0,
Copper Canyon High School,"Glendale,AZ",85305,2195,yes,no,yes,yes,84,Traditional,N/A,54,26,8840,159,24:01:00,N/A,N/A,54,7,12,5,2,6,8,15,4,
West-Mec - Raymond S. Kellis(Data from 2023),"Glendale , AZ",85308,"1,802",Yes,Yes,Yes,Yes,Did not find ,Traditional,Did not find ,55-59%,40-44%,"7,392",538th out of 659,#VALUE!,Did not find ,Did not find ,40,7,0,40,7,0,NA,NA,NA,
West-Mec - Sandra Day O'Connor High School,"Glendale , AZ",85310,"2,534",Yes,Yes,Yes,Yes,Did not find ,Traditional,No,60-64%,55-59%,"25,948",630th out of 659,17.59:1,Did not find ,Student found with gun,74.2,2.6,1,13.2,5,3.5,NA,NA,NA,
Westland School Brighton Campus,"Glendale , AZ",85305,299,Yes,Yes,Yes,Yes,108,Traditional/virtual classrooms,Yes,27%,32%,"12,833",229,#VALUE!,Did not find ,Did not find ,15,14,2,64,0,4,70,11,20,
Aspc-Perryville (School closed in 2021),"Goodyear, AZ",85338,NA,NA,NA,NA,NA,NA,NA,NA,NA,NA,NA,NA,NA,NA,NA,NA,NA,NA,NA,NA,NA,NA,NA,NA,
Basis Goodyear(This School seemes to be closed),"Goodyear, AZ",85338,NA,NA,NA,NA,NA,NA,NA,NA,NA,NA,NA,NA,NA,NA,NA,NA,NA,NA,NA,NA,NA,NA,NA,NA,
Mosaica Preparatory Academy of Chandler,"Chandler, AZ",85226,Closed 2021,Yes,Yes,Yes,Yes,N/A,Traditional,Yes,N/A,N/A,Unranked,Unranked,Unknown,N/A,N/A,19.7,42.7,2.8,28.7,2.8,5.1,16,127,Unknown,"Mosaica Preparatory Academy Of Chandler (Closed 2021) - Chandler, AZ (publicschoolreview.com)"
Oasis Recovery,"Chandler, AZ",85225,35,N/A,N/A,N/A,Yes,N/A,N/A,N/A,N/A,N/A,"6,014",60,35:01:00,N/A,N/A,57%,26%,0%,11%,3%,0%,N/A,N/A,N/A,
Paragon Science Academy,"Chandler, AZ",85226,448,Yes,Yes,Yes,Yes,N/A,Traditional,N/A,85%,38%,"11,638",210,#VALUE!,N/A,N/A,37%,19%,1%,12%,29%,1%,31%,3%,66%,
Primavera - Online,"Chandler, AZ",85225,"3,299",Yes,Yes,No,No,N/A,Virtual,N/A,14%,31%,153,7,#VALUE!,N/A,N/A,49%,5%,4%,37%,1%,1%,16%,27%,57%,
Santam Junior High School,"Chandler, AZ",85249,"1,354",No,No,Yes,No,N/A,Traditional,N/A,44%,53%,Unranked,Unknown,21.6:1,N/A,N/A,70%,6%,1%,12%,9%,2%,11%,2%,87%,
Shearim Torah High School For Girls,"Phoenix, AZ",85014,36,Yes,NA,Yes,NA,NA,Traditional Jewish Education,Yes,NA,NA,NA,14,6:01,NA,NA,64,0,0,0,36,0,60,0,100,
Skyline Prep High School,"Phoenix, AZ",85042,154,Yes,Yes,Yes,Yes,NA,Project based Learning,Yes,NA,NA,NA,89,#VALUE!,NA,NA,15,36,2,44,3,1,79,24,76,
Sonoran Science Academy - Phoenix,"Phoenix, AZ",85008,300,Yes,NA,Yes,Yes,NA,Project Based Learning,Yes,12%,50%,5360,86,#VALUE!,NA,NA,24,50,2,20,3,0,96,0,100,
Sonoran Trails Middle School,"Phoenix, AZ",85085,866,NA,NA,Yes,Yes,NA,Project Based Learning,Yes,58%,54%,NA,188,21.5:1,NA,NA,89,1,0,8,2,0,3.6,3.6,NA,
South Mountain High School,"Phoenix, AZ",85040,"1,722",Yes,Yes,Yes,Yes,NA,Project Based Learning,Yes,7%,49,"13,261-17,680",382,16.5:1,NA,NA,3,15,1,78,0,2,84,15,15,
High-star Center For Children,"Phoenix, AZ",85019,100,No,N/A,Yes,Yes,N/A,"Direct Instruction, DISTAR and HighScope",Yes,N/A,N/A,4157,39,14:01,N/A,N/A,85%,3%,0%,12%,0%,0%,N/A,N/A,N/A,
Holy Cross Lutheran School,"Phoenix, AZ",85023,7,Yes,Yes,Yes,Yes,N/A,Integrated and Holistic,Yes,N/A,N/A,7407,74,6:01,N/A,N/A,14%,0%,0%,71%,14%,1%,N/A,N/A,N/A,
Hope High School,"Phoenix, AZ",85043,198,Yes,Yes,Yes,Yes,N/A,Integrated and Online,Yes,50%,50%,17304,315,#VALUE!,N/A,N/A,5%,20%,1%,73%,0%,1%,67%,7%,26%,
Horizon Community Learning Center,"Phoenix, AZ",85048,689,N/A,Yes,Yes,Yes,99,Individual Learning Plan,Yes,70%,85%,8400,168,#VALUE!,N/A,N/A,67%,3%,1%,18%,6%,5%,0.00%,0%,100.00%,
Humanities And Sciences High School - Phoenix,"Phoenix, AZ",85014,11,Yes,N/A,Yes,Yes,N/A,"Learning, Cooperative learning and technology",Yes,N/A,N/A,24998,558,#VALUE!,N/A,N/A,18%,0%,0%,82%,0%,0%,N/A,N/A,N/A,
Basis Phoenix,"Phoenix, AZ",85028,758,Yes,Yes,Yes,Yes,N/A,N/A,Yes,92%,N/A,7748,155,#VALUE!,N/A,N/A,57%,2%,0%,6%,34%,1%,0%,0%,100%,
Basis Phoenix Central Primary,"Phoenix, AZ",85012,793,Yes,Yes,Yes,Yes,N/A,N/A,Yes,76%,N/A,Unranked,Unranked,#VALUE!,N/A,N/A,42%,9%,1%,15%,30%,3%,0%,0%,100%,
Bostrom Alternative Center,"Phoenix, AZ",85017,256,N/A,N/A,N/A,Yes,N/A,Integrated and Online,Yes,8%,N/A,15802,274,11.1:1,N/A,N/A,4%,13%,4%,77%,0%,2%,90%,4%,6%,
Bourgade Catholic High School,"Phoenix, AZ",85017,390,Yes,Yes,Yes,Yes,N/A,N/A,Yes,N/A,N/A,1566,13,14:01,N/A,N/A,28%,2%,0%,54%,6%,10%,NA,NA,NA,
Brophy College Preparatory,"Phoenix, AZ",85012,1391,Yes,Yes,Yes,Yes,N/A,online,Yes,N/A,31%,87,2,15:01,N/A,N/A,60%,3%,1%,18%,7%,11%,NA,NA,NA,
Poston Junior High School,Messa,85213,1017,Yes,,,,,,,24,33,Unranked,Unranked,18,,,43,5,3,47,1,1,58,35,7,
Red Mountain High School,Messa,85207,3370,Yes,Yes,Yes,Yes,,,Yes,,,129,4,N/A,,,70,3,2,20,2,3,24,7,69,
Redeemer Christian School,Messa,85203,72,Yes,Yes,Yes,Yes,,,Yes,,,4773,42,10:01,,,64,0,0,13,21,2,N/A,N/A,N/A,
Rhodes Junior High School,Messa,85202,953,Yes,Yes,No,Yes,,,No,,,467,11,18,,,26,6,6,58,2,2,68,8,24,
Sequoia Choice School Arizona Distance Learning School,Messa,85204,521,yes,No,No,Yes,,,Yes,,,755,195,N/A,,,70,3,7,15,2,3,30,2,68,
West-Mec - Dysart High School,El Mirage ,85335,1,N/A,N/A,N/A,N/A,N/A,N/A,N/A,N/A,N/A,25948,630,1:01,N/A,N/A,100%,0%,0%,0%,0%,0%,N/A,N/A,N/A,
Fountain Hills High School,Fountain Hills,85268,557,N/A,N/A,N/A,N/A,N/A,N/A,N/A,N/A,N/A,9922,185,18.1:1,N/A,N/A,80%,1%,8%,6%,3%,3%,11%,3%,86%,
Fountain Hills.online,Fountain Hills,85268,N/A,N/A,N/A,N/A,N/A,N/A,Online,N/A,N/A,N/A,N/A,N/A,N/A,N/A,N/A,N/A,N/A,N/A,N/A,N/A,N/A,N/A,N/A,N/A,
Gila Bend High School,Gila Bend ,85337,121,N/A,N/A,N/A,N/A,N/A,N/A,N/A,N/A,N/A,19646,378,17.3:1,N/A,N/A,12%,0%,26%,61%,0%,1%,2%,0%,98%,
Arizona Connections Academy,Gilbert ,85297,1892,N/A,N/A,N/A,N/A,N/A,Online,N/A,N/A,N/A,1915,65,1:01,N/A,N/A,63%,4%,2%,22%,2%,7%,33%,13%,55%,
Salt River High School,Scottsdale,85256,217,N/A,Yes,Yes,Yes,N/A,Cooperative Education Methodology,N/A,N/A,N/A,16760,296,#VALUE!,N/A,N/A,0,0,85,14,0,0,41,1,58,
Scottsdale Online Learning,Scottsdale,85257,94,Yes,Yes,Yes,N/A,N/A,Online Learning Model,Yes,N/A,N/A,20721,416,8.7:1,N/A,N/A,67,3,1,23,3,2,3,3,94,
Sunrise Middle School,Scottsdale,85254,451,Yes,N/A,Yes,Yes,N/A,N/A,Yes,46,42,Unranked,Unknown,19.4:1,N/A,N/A,62,3,0,26,4,4,24,8,69,
The New Foundation-marion Burton School,Scottsdale,85257,40,N/A,N/A,N/A,N/A,N/A,N/A,N/A,N/A,N/A,5800,56,7:01,N/A,N/A,53,5,8,35,0,0,N/A,N/A,N/A,
Ville De Marie Academy,Scottsdale,85257,109,Yes,Yes,N/A,Yes,N/A,N/A,Yes,N/A,N/A,4017,36,10:01,N/A,N/A,85,0,1,10,4,0,N/A,N/A,N/A,
Highland Jr High School,Mesa,85212,"1,232",Yes,Yes,Yes,No,N/A,Traditional/virtual classrooms,Yes,52%,55%,N/A,131,21.2:1,Yes,No,927,32,9,212,34,13,3,0,"1,229",
Imagine East Mesa Middle School,Mesa,85208,133,No,No,N/A,Yes,N/A,Traditional,Yes,40.49,42.31,Unranked,233,26:01:00,N/A,Yes,76,8,0,40,4,2,52,12,69,
Kino Junior High School,Mesa,85203,1039,Yes,N/A,N/A,N/A,N/A,Traditional/virtual classrooms,Yes,5%,43.16,Unranked,803,9.3:1,N/A,N/A,131,34,0,791,4,2,108,64,867,
Learning Foundation,Mesa,85203,208,No,No,Yes,Yes,N/A,Traditional,Yes,12%,17%,Unranked,929,#VALUE!,Yes,Yes,62,10,5,105,3,0,149,21,38,
Legacy Elementary School,Mesa,85207,163,N/A,Yes,Yes,Yes,N/A,Traditional/virtual classrooms,No,52%,61%,Unkown,573,35:01:00,N/A,N/A,80,8,1,70,1,0,92,8,63,
Vision Christian Academy,Glendale,85307,32,Yes,Yes,N/A,Yes,N/A,Traditional ,N/A,N/A,N/A,Unranked,Can't Find,6:01,N/A,N/A,68,0,3,29,0,0,100,0,0,
West-Mec - Apollo High School,Glendale,85302,2024,Yes,Yes,Yes,Yes,N/A,Traditional ,Yes,68%,N/A,"5,256",Can't Find,#VALUE!,N/A,N/A,0,50,0,50,0,0,N/A,36,64,
West-Mec - Cactus High School,Glendale,85306,9,Yes,Yes,N/A,Yes,N/A,N/A,Yes,N/A,N/A,"7,964",Can't Find,#VALUE!,N/A,N/A,56,0,0,44,0,0,N/A,26,74,
West-Mec - Central Campus,Glendale,85308,223,Yes,Yes,Yes,Yes,N/A,Traditional ,Yes,68%,57%,Unranked,Can't Find,10.8:1,N/A,N/A,42,4,1,50,1,2,N/A,N/A,N/A,
West-Mec - Copper Canyon High School,Glendale,85305,6,Yes,Yes,Yes,Yes,N/A,Traditional ,Yes,N/A,N/A,"8,840",Can't Find,#VALUE!,N/A,N/A,0,17,0,83,0,0,N/A,100,0,
Desert Marigold School,Phoenix,85042,326,NO,NO,NO,YES,NA,waldorf educatiion method,YES,34%,47%,14142,254,18:01,NO,NO,72,3,2,14,2,7,4,2,94,
Desert Valleys Region,Phoenix,85021,Can't find,Can't find,Can't find,Can't find,Can't find,Can't find,Can't find,Can't find,Can't find,Can't find,Can't find,Can't find,Can't find,Can't find,Can't find,Can't find,Can't find,Can't find,Can't find,Can't find,Can't find,Can't find,Can't find,Can't find,
Desert Vista High School,Phoenix,85048,"3,046",YES,YES,YES,YES,NA,project based approach,NO,49%,55%,2801,44,24:01:00,1,NO,54.6,7,2,16,9,11.4,0,0,100,
Desert Voices Oral Learning Center,Phoenix,85028,24,NO,NO,NO,NO,NA,Language focused,NO,14%,15%,unranked,unranked,5:01,NO,NO,92,0,0,8,0,0,0,0,100,
Durango Transitional Learning Center,Phoenix,85009,82,NO,NO,NO,NO,NA,creative and interactive approach,NO,19%,17%,21202,428,16.4:1,NO,NO,20,35,1,40,1,3,96,0,4,
Pinnacle High School - Tempe,Phoenix,85282,100,Yes,Yes,Yes,Yes,NA,Common Core State Standards,Yes,69,66,"20,470",410,1:01,NA,NA,12,30,7,48,0,3,NA,NA,NA,
Pinnacle Virtual High School,Phoenix,85282,330,Yes,Yes,Yes,Yes,NA,Online virtual learning,Yes,8,12,"14,054",252,1:01,NA,NA,33,11,7,46,0,2,NA,NA,NA,
Student Choice High School,Phoenix,85281,118,NA,NA,Yes,Yes,NA,standards-based online curriculum and participate in a self-paced,Yes,50,50,"19,758",386,1:01,NA,NA,28,6,7,57,0,3,0,3,97,
Tapbi,Phoenix,85283,NA,Yes,No,Yes,Yes,NA,Internet- based learning,Yes,50,50,NA,NA,NA,NA,NA,NA,NA,NA,NA,NA,NA,NA,NA,NA,
Tempe High School,Phoenix,85281,"1,668",Yes,Yes,Yes,Yes,NA,equitable and challenging learning experiences,Yes,50,50,"2,694",95,20.5:1,NA,NA,9,13,4,69,1,3,1,0,98,
South Pointe High School,Phoenix,85042,482,No,No,No,Yes,None,increasing college readiness,Yes,20,19,Unranked,1834,#VALUE!,None,None,3,25,0,66,0,6,0,99,1,
South ridge high school,Phoenix,85043,445,Yes,Yes,Yes,Yes,None,None,Yes,54,50,5152,1224,22:01,None,None,7,11,1,78,2,1,67,14,19,
Southwest Key Transitional Learning Center,pheonix,85017,368,No,No,No,No,None,None,No,30,30,Unranked,Unranked,36.8:1,None,None,0,0,0,100,0,0,93,0,7,
southwest leadership academy,pheonix,85043,368,None,No,Yes,Yes,None,quality education service,No,30,30,Unranked,1259,17:01,None,None,7,7,2,83,0,1,50,0,50,
st marys high school,pheonix,85004,543,Yes,Yes,Yes,Yes,None,traditional academic curriculam,Yes,22,22,1040,Unranked,14:01,None,None,13,6,1,69,4,7,0,0,100,
Gilbert Global Academy Junior High School,"Gibert,AZ",85296,,,,,,,,,,,,,,,,,,,,,,,,,
Gilbert High School,"Gibert,AZ",85234,,,,,,,,,,,,,,,,,,,,,,,,,
Gilbert Junior High School,"Gibert,AZ",85234,,,,,,,,,,,,,,,,,,,,,,,,,
Great Hearts Academies-Arete Prep,"Gibert,AZ",85234,,,,,,,,,,,,,,,,,,,,,,,,,
Greenfield Junior High School,"Gibert,AZ",85296,,,,,,,,,,,,,,,,,,,,,,,,,
Westwood High School,Mesa,85201,"3,145",Yes,Yes,No,Yes,91,group teaching model,Yes,NA,NA,201,10,21.7:1,NA,NA,28,6,10,52,2,1,64,28,8,
Phoenix Country Day School,Paradise Valley,85253,747,Yes,Yes,Yes,Yes,NA,small classrooms led by experts,Yes,NA,NA,564,7,9:01,NA,NA,70,3,1,6,10,9,NA,NA,NA,
Aurora Day School,Peoria,85381,74,NA,Yes,No,Yes,NA,NA,Yes,NA,NA,NA,NA,8:01,NA,No,59.5,9.5,4.1,9.5,2.7,14.9,NA,NA,NA,
Basis Peoria,Peoria,85383,744,Yes,No,Yes,Yes,NA,co-teaching model,Yes,98,98,NA,NA,NA,NA,NA,42,4,0,4,48,2,NA,NA,NA,
Centennial High School,Peoria,85381,"2,045",Yes,Yes,Yes,Yes,19,Data Driven,Yes,NA,NA,"1,467",48,22.5:1,NA,NA,56,5,1,31,3,4,27,7,66,
Desert Ridge Junior High School,Mesa,85209,1305,Yes,Yes,Yes ,Yes ,NA,NA,Yes,NA,NA,NA,NA,22.3:1,NA,NA,68,4,1,22,3,2,NA,NA,99,
Dobson High School,Mesa,85202,2639,Yes,Yes,Yes ,Yes,NA,Virtual,Yes,NA,NA,501,20,21.8:1,NA,NA,38,8,5,45,3,1,48,9,43,
Eaglerich Enrichment Program,Mesa,85210,750,Yes,Yes,NA,NA,NA,Traditional,Yes,NA,NA,NA,NA,#VALUE!,NA,NA,81,2,2,13,1,1,15,2,83,
East Valley academy,Mesa,85201,335,NA,NA,Yes ,Yes,NA,Traditional,Yes,NA,NA,13951,251,20.3:1,NA,NA,16,5,6,71,1,1,62,5,33,
East Valley HIgh School,Mesa,85207,148,NA,NA,NA,Yes,NA,Traditional,Yes,NA,NA,18739,350,#VALUE!,NA,NA,54,3,1,38,0,0,32,4,64,
Heritage Academy Queen Creek,"Queen Creek, AZ",85242,475,Yes,No,Yes,Yes,1,Christian Education Approach,Yes,85%,88%,NA,1,12:01,NA,NA,85%,4%,0%,7%,2%,2%,0%,0%,100%,
Basis Mesa,"Mesa, AZ",85212,1000,Yes,Yes,Yes,Yes,7,Rigorous academic curriculum,Yes,94%,95%,22,3,7:01,NA,NA,75%,5%,0%,15%,5%,0%,2%,5%,93%,
Queen Creek High School,"Queen Creek, AZ",85142,2025,Yes,Yes,Yes,Yes,12,preparatory curriculum,Yes,85%,87%,NA,12,17:01,NA,NA,80%,3%,0%,13%,3%,1%,18%,11%,71%,
Queen Creek Virtual Academy,"Queen Creek, AZ",85142,1200,Yes,No,Yes,No,NA,Personalized learning approach,Yes,88%,90%,NA,NA,10:01,NA,NA,80%,3%,0%,13%,3%,1%,18%,11%,71%,
Basis Scottsdale,"Scottsdale, AZ",85259,1150,Yes,Yes,Yes,Yes,4,Rigorous academic curriculum,Yes,95%,96%,11,1,7:01,NA,NA,75%,5%,0%,15%,5%,0%,2%,5%,93%,
Tri-City Christian Academy,"Chandler, AZ",85286,276,NA,Yes,Yes,Yes,NA,academically advanced,NA,NA,NA,"2,249",21,15:01,NA,NA,63%,8%,1%,8%,14%,5%,NA,NA,NA,
Valley Christian High School,"Chandler, AZ",85226,388,Yes,Yes,Yes,Yes,NA,technologically-advanced STEM program,NA,NA,NA,"1,576",15,12:01,NA,NA,82%,5%,1%,8%,2%,1%,NA,NA,NA,
Willis Junior High School,"Chandler, AZ",85225,873,Yes,Yes,Yes,Yes,821,academically advanced,NA,49.28,42.31,Unranked,Unknown,16.2:1,NA,NA,29%,7%,2%,55%,4%,0%,23.90%,23.90%,60.10%,
Dysart High School,"El Mirage, AZ",85335,"1,557",Yes,Yes,Yes,Yes,NA,academically advanced,Yes,<50%,70.26,"3,122",99,23.8:1,NA,NA,30%,9%,2%,54%,2%,1%,NA,NA,NA,
West-Mec - Dysart High School,"El Mirage, AZ",85335,1,Yes,Yes,Yes,Yes,508,Sports,Yes,55-59%,70.26,"25,948",630,#VALUE!,suicide awareness training,NA,100%,0%,0%,0%,0%,0%,21.60%,NA,NA,
Arizona Agribusiness & Equine Center Inc. - Red Mountain,"Mesa, Arizona",85215,115,Yes,Yes,Yes,No,NA,"Arizona General Education
Curriculum",No,42%,53%,6281,106,6:01,NA,NA,67.80%,5.20%,1.20%,23.50%,1.70%,1.20%,25%,18%,57%,
Asu Preparatory Academy-polytechnic High School,"Mesa, Arizona",85212,424,No,Yes,Yes,Yes,NA,Cambridge Curriculum,Yes,66%,77%,7284,124,15:01,NA,NA,37.30%,5.90%,1.90%,44.30%,5%,5.40%,1%,1%,NA,
Basis Mesa,"Mesa, Arizona",85212,808,yes,yes,yes,yes,NA,STEM-Infused and Liberal Arts-Based Curriculum,yes,94%,97%,62,13,10:01,NA,NA,39.50%,7.50%,0.60%,18.70%,26.20%,7.50%,0%,0%,100%,
Carson Junior High School,"Mesa, Arizona",85201,1125,no,yes,yes,yes,NA,Middle School STEM Curriculum,no,26%,22%,6108,446,19:01,NA,NA,17.50%,6.50%,14.40%,58.00%,0.40%,3.20%,0%,33.80%,66.20%,
Desert Ridge High School,"Mesa, Arizona",85209,2400,yes,yes,yes,yes,NA,N/A,,21%,30%,7011,123,24:01:00,NA,NA,60.20%,3.10%,1.50%,27.90%,3.10%,4.20%,8%,9%,NA,
North Pointe Preparatory,"Phoenix, AZ",85051,835,yes,yes,yes,yes,NA,"Arizona General Education
Curriculum",yes,30%,47%,7115,144,NA,NA,NA,48%,4%,1%,40%,3%,4%,33%,16%,51%,
Northwest Christian School,"Phoenix, AZ",85053,1453,yes,yes,yes,yes,NA,Middle school STEM Curriculum,yes,26%,28%,79,1,16:01,NA,NA,83%,1%,1%,9%,2%,4%,0%,0%,100%,
Nueva Vista School / Arizona State Hospital,"Phoenix, AZ",85008,NA,NA,NA,NA,NA,NA,NA,NA,NA,NA,NA,NA,NA,NA,NA,NA,NA,NA,NA,NA,NA,NA,NA,NA,
Ombudsman - Charter East,"Phoenix, AZ",85018,71,yes,yes,yes,yes,352,"Arizona General Education
Curriculum",yes,25%,10%,21673,445,NA,NA,NA,14%,4%,11%,69%,1%,0%,NA,NA,NA,
Ombudsman - Charter East li,"Phoenix, AZ",85018,151,yes,yes,yes,yes,NA,,,10%,10%,18639,346,NA,NA,NA,12%,5%,3%,79%,0%,1%,4%,0%,96%,
Kino Junior High School,Mesa,85203,1039,Yes,No,No,Yes,N/A,In person and virtual classrooms,Yes,17%,20%,1769,467,19.3:1,N/A,N/A,13%,3%,7%,76%,0%,0%,83%,6%,10%,
Learning Foundation,Mesa,85203,208,No,No,Yes,No,N/A,In person and virtual classrooms,No,52%,62%,N/A,N/A,1:01,N/A,N/A,30%,5%,2%,50%,1%,11%,72%,10%,18%,
Legacy Elementary school,Mesa,85207,163,No,No,Yes,Yes,N/A,In person classes,No,53%,61%,N/A,250,1:01,N/A,N/A,49%,5%,1%,43%,1%,2%,56%,5%,39%,
Mesa Academy for Advanced Studies,Mesa,85207,433,Yes,Yes,Yes,Yes,N/A,In person smart classes and virtual classes,Yes,48%,48%,N/A,1,20.9:1,N/A,N/A,78%,1%,0%,10%,9%,2%,7%,4%,89%,
Mesa Distance Learning Program,Mesa,85203,205,No,No,Yes,No,N/A,Virtual classes,No,31%,30%,"17,102",305,136.7:1,N/A,N/A,62%,2%,2%,26%,2%,4%,N/A,N/A,N/A,
West-Mec - Washington High School,Phoenix,85021,1,N/A,N/A,N/A,N/A,N/A,In person Classes/Traditional,No,64%,49%,"25,948",630,#VALUE!,N/A,N/A,N/A,N/A,N/A,100%,N/A,N/A,N/A,N/A,N/A,
Western School of Science and Technology,Phoenix,85033,379,Yes,No,Yes,No,N/A,In person Classes/Traditional,No,44%,43%,"13,024",235,#VALUE!,N/A,N/A,1%,2%,0%,97%,0%,0%,84%,10%,10%,
Westland School,Phoenix,85033,289,N/A,N/A,N/A,Yes,N/A,In person Classes/Traditional,No,9%,19%,"14,964",268,#VALUE!,N/A,N/A,24%,15%,0%,54%,1%,N/A,76%,7%,17%,
Xavier College Preparatory,Phoenix,85012,"1,206",Yes,Yes,Yes,Yes,N/A,In person smart classes/Traditional ,Yes,N/A,N/A,144,3,14:01,N/A,N/A,83%,2%,1%,8%,6%,N/A,N/A,N/A,N/A,
Yeshiva High School of Arizona,Phoenix,85020,21,N/A,Yes,N/A,No,N/A,In person Classes/Traditional,Yes,N/A,N/A,"6,704",66,3:01,N/A,N/A,100%,0%,0%,0%,0%,0%,N/A,N/A,N/A,
Genesis Acedemy,Phoenix ,85004,119,Yes,Yes,Yes,Yes,N/A,In person and virtual classes,Yes,8%,Cant Find,13838,250,#VALUE!,N/A,N/A,3%,5%,3%,88%,0%,1%,0%,73%,27%,
Girls Leadership Academy Of Arizona ,Phoenix ,85013,120,Yes,Yes,Yes,Yes,N/A,In person classes ,No,15%,20%,13261,237,#VALUE!,N/A,N/A,5%,15%,2%,76%,2%,1%,78%,11%,12%,
Glenview College Preparatory High School,Phoenix ,85020,193,Yes,Yes,Yes,Yes,N/A,In person and virtual classes,No,20%,20%,9164,161,#VALUE!,N/A,N/A,12%,10%,1%,74%,1%,2%,82%,7%,11%,
Gompers Private School,Phoenix ,85017,22,No,N/A,N/A,N/A,N/A,In person and virtual classes,N/A,Cant Find,Cant Find,6647,Cant FInd,#VALUE!,N/A,N/A,27%,23%,5%,45%,0%,0%,N/A,N/A,N/A,
Great Hearts Academies- Archway Veritas,Phoenix ,85018,536,Yes,Yes,Yes,Yes,N/A,In person and virtual classes,Yes,62%,68%,5303,137,#VALUE!,N/A,N/A,77%,1%,0%,10%,4%,7%,N/A,N/A,N/A,
Mountain Trail Middle School,Phoenix ,85024,711,N/A,N/A,N/A,N/A,N/A,N/A,N/A,N/A,N/A,Unranked,unknown,24.5:1,N/A,N/A,70%,2%,1%,21%,2%,4%,16%,4%,80%,
New World Educational Center,Phoenix ,85014,189,N/A,N/A,N/A,N/A,N/A,N/A,N/A,N/A,N/A,Unranked,unknown,#VALUE!,N/A,N/A,7%,6%,2%,84%,1%,1%,45%,15%,45%,
Nfl Yet College Prep Academy,Phoenix ,85040,290,N/A,N/A,N/A,N/A,N/A,N/A,N/A,N/A,N/A,14935,267,#VALUE!,N/A,N/A,2%,2%,1%,94%,0%,1%,98%,1%,1%,
North Canyon High School,Phoenix ,85024,1894,N/A,N/A,N/A,N/A,N/A,N/A,N/A,N/A,N/A,1907,64,21.9:1,N/A,N/A,35%,5%,2%,52%,3%,3%,39%,6%,56%,
North High School,Phoenix ,85014,2563,N/A,N/A,N/A,N/A,N/A,N/A,N/A,N/A,N/A,573,24,19:01,N/A,N/A,6%,6%,2%,82%,1%,2%,80%,6%,14%,
Campo Verde High School,Gilbert,85297,2091,Yes,Yes,N/A,N/A,N/A,N/A,No,N/A,N/A,1997,29,24.7:1,N/A,N/A,73%,4%,1%,15%,5%,2%,0%,0%,100%,
Cenpatico Schools,Gilbert,85233,45,N/A,No,N/A,Yes,N/A,N/A,Yes,N/A,N/A,5624,53,7.0:1,N/A,N/A,24%,18%,4%,51%,2%,0%,N/A,N/A,N/A,
Desert Hills High School,Gilbert,85296,195,Yes,No,N/A,Yes,N/A,N/A,Yes,N/A,N/A,17392,319,#VALUE!,N/A,N/A,37%,11%,17%,31%,0%,4%,49%,6%,46%,
Eduprize School Gilbert,Gilbert,85233,1837,No,Yes,Yes,Yes,N/A,N/A,No,N/A,N/A,2062,72,#VALUE!,N/A,N/A,71%,3%,1%,17%,4%,3%,1%,0%,99%,
Cooley Middle School,Gilbert,85296,959,N/A,N/A,N/A,N/A,N/A,N/A,N/A,N/A,N/A,Unranked,Unknown,25.4:1,N/A,N/A,69%,5%,1%,19%,4%,3%,5%,4%,90%,
E-institute At Buckeye,Buckeye,85361,88,N/A,N/A,N/A,N/A,N/A,N/A,N/A,30,N/A,Unranked,Unknowm,N/A,N/A,N/A,19.30%,4.50%,N/A,75.00%,N/A,N/A,N/A,N/A,N/A,
Odyssey Institute For Advanced And International,Buckeye,85361,1819,N/A,N/A,N/A,N/A,N/A,N/A,N/A,44%,28,Unranked,67,14:01,N/A,N/A,N/A,N/A,N/A,N/A,N/A,N/A,N/A,N/A,N/A,
Skyview High School,Buckeye,85326,163,N/A,N/A,N/A,N/A,N/A,N/A,N/A,30,N/A,Unranked,Unknown,N/A,N/A,N/A,21.50%,8%,N/A,62%,N/A,N/A,29,0,N/A,
Verrado High School,Buckeye,85340,1715,N/A,N/A,N/A,N/A,N/A,N/A,N/A,30,N/A,4985,57,21:01,N/A,N/A,45%,5.90%,N/A,43.60%,1.60%,N/A,7%,0%,N/A,
West-mec-Buckeye union high school,Buckeye,85396,15,N/A,N/A,N/A,N/A,N/A,N/A,N/A,30,N/A,Unranked,Unknown,N/A,N/A,N/A,20.00%,N/A,N/A,60%,N/A,N/A,N/A,N/A,N/A,
American Leadership Academy - Queen Creek,"Queen Creek, AZ",85142,"1,298",yes,no,yes,yes,na,CTE,yes,60-64%,65-69%,na,na,17:01,na,na,87%,0,0,13%,0,0,39%,0,61%,
Benjamin Franklin High School,"Queen Creek, AZ",85142,862,No,No,Yes,No,N/A,In person and virtual classrooms,No,52%,62%,N/A,N/A,1:01,N/A,N/A,30%,5%,2%,50%,1%,11%,72%,10%,18%,
Canyon State Academy,"Queen Creek, AZ",85142,347,Yes,No,N/A,Yes,N/A,N/A,Yes,N/A,N/A,17392,319,#VALUE!,N/A,N/A,37%,11%,17%,31%,0%,4%,49%,6%,46%,
Dr. Camille Casteel High School,"Queen Creek, AZ",85142,907,Yes,No,N/A,Yes,N/A,N/A,Yes,N/A,N/A,17392,319,#VALUE!,N/A,N/A,37%,11%,17%,31%,0%,4%,49%,6%,46%,
Queen Creek High School,"Queen Creek, AZ",85142,2025,Yes,Yes,Yes,Yes,12,preparatory curriculum,Yes,85%,87%,NA,12,17:01,NA,NA,80%,3%,0%,13%,3%,1%,18%,11%,71%,
Madison Highland Prep,Phoenix,85014,248,N/A,N/A,N/A,N/A,N/A,N/A,N/A,N/A,N/A,15985,280,#VALUE!,N/A,N/A,32%,6%,4%,53%,2%,4%,38%,13%,49%,
Maryvale High School,Phoenix,85033,2991,N/A,N/A,N/A,N/A,N/A,N/A,N/A,N/A,N/A,273,14,21.5:1,N/A,N/A,3%,4%,1%,92%,0%,0%,80%,6%,14%,
Metro Tech High School,Phoenix,85015,1716,N/A,N/A,N/A,N/A,N/A,N/A,N/A,N/A,N/A,2497,89,14.3:1,N/A,N/A,2%,1%,0%,96%,0%,0%,85%,8%,7%,
Metrocenter Academy,Phoenix,85051,162,N/A,N/A,N/A,N/A,N/A,N/A,N/A,N/A,N/A,18313,337,13.5:1,N/A,N/A,26%,9%,5%,57%,1%,3%,9%,2%,89%,
Metropolitan Arts Institute,Phoenix,85007,254,N/A,N/A,N/A,N/A,N/A,N/A,N/A,N/A,N/A,15846,277,#VALUE!,N/A,N/A,52%,5%,0%,36%,1%,6%,N/A,N/A,N/A,
Sequoia School For The Deaf And Hard Of Hearing,Mesa,85204,64,N/A,N/A,N/A,N/A,N/A,Bilingual/biculture,Yes,5%,15%,21990,455,#VALUE!,N/A,N/A,41%,8%,9%,34%,5%,3%,58%,9%,33%,
Sequoia Secondary School,Mesa,85204,400,Yes,N/A,N/A,Yes,N/A,Small group instruction,Yes,17%,N/A,12610,230,#VALUE!,N/A,N/A,34%,10%,1%,53%,1%,1%,82%,8%,32%,
Shepherd Junior High School,Mesa,85204,640,N/A,Yes,N/A,Yes,N/A,Classical Education,Yes,8%,12%,Unranked,Unknown,18:01,N/A,N/A,65%,4%,3%,23%,2%,3%,34%,11%,56%,
Skyline High School,Mesa,85204,2619,Yes,N/A,N/A,Yes,N/A,tiered system of support and blended learning modalities,Yes,50%,50%,522,22,21.2:1,N/A,N/A,54%,4%,2%,37%,2%,1%,45%,9%,45%,
Smith Junior High School,Mesa,85204,963,N/A,No,N/A,Yes,N/A,A system of actions intended to induce learning,Yes,50%,N/A,Unranked,Unknown,18:08:01,N/A,N/A,60%,4%,1%,32%,1%,2%,48%,11%,41%,
Gateway Academy,Scottsdale,85258,57,no,no,Yes,no,N/A,Autism Helpful,No,N/A,N/A,N/A,N/A,4:01,N/A,N/A,75,5,0,7,4,4,0,0,100,
Horizon High School,Scottsdale,85254,2242,Yes,Yes,Yes,Yes,28th in az,College Prep,Yes,39%,40%,1012,36,26:01:00,1,N/A,77,2,1,12,4,4,6,1,93,
Great Hearts Academies - Cicero Prep,Scottsdale,85258,503,Yes,Yes,Yes,yes,N/A,Charter School/College prep ,Yes,50%,66%,N/A,N/A,N/A,N/A,N/A,71,2,0,15,8,4,0,0,100,
Great Hearts Academies - Scottsdale Prep,Scottsdale,85260,886,Yes,Yes,Yes,Yes,N/A,Charter School/College prep ,Yes,69%,73%,6722,139,N/A,N/A,N/A,77,1,0,8,9,4,0,0,100,
Saguaro High School,Scottsdale,85250,1292,Yes,Yes,Yes,Yes,27th in the nation,College Prep,Yes,37%,41%,"4,318",114,21.1:1,1,N/A,68,4,3,19,5,1,18,3,78,
Tempe preparatory academy,Tempe,85283,243,Yes,No,Yes,Yes,N/A,Academically advanced,Yes,73%,,1377,22,N/A,N/A,N/A,57.50%,2.20%,0.90%,26.40%,7.60%,5.40%,1%,1%,98%,
The Aces-Tempe,Tempe,85281,125,No,No,No,No,N/A,Academically advanced,No,N/A,N/A,3704,31,9:01,N/A,N/A,20%,8%,4%,16%,4%,48%,N/A,N/A,N/A,
The early career academy,Tempe,85248,22,No,No,No,No,N/A,Academically advanced,No,N/A,N/A,"24,174",514,N/A,N/A,N/A,41%,14%,5%,23%,0%,17%,N/A,N/A,N/A,
Valley preparatory academy,Tempe,85282,30,No,No,No,No,N/A,Arts and Environment advanced,Yes,N/A,N/A,23688,501,N/A,N/A,N/A,40%,10%,0%,17%,0%,33%,80%,0%,20%,
Sierra Linda High School,Tolleson,85353,"1,896",Yes,No,Yes,Yes,13854,All round advanced,Yes,10%,N/A,"1,898",62,22.26:1,N/A,N/A,4%,9%,0%,84%,0%,3%,59%,8%,33%,
Grand Canyon College Preparatory Charter School,Tempe,85283,Closed,,,,,,,,,,,,,,,,,,,,,,,,
Humanities and Sciences Academy Arizona,Tempe,85282,31,Yes,Yes,Yes,No,N/A,Online,Yes,N/A,N/A,"23,625",499,31:01:00,N/A,N/A,6,16,6,68,0,4,N/A,N/A,N/A,
Humanities and Science High School - Tempe,Tempe,85282,10,Yes,Yes,Yes,No,N/A,In person and virtual classes,Yes,N/A,N/A,"25,082",560,#VALUE!,N/A,N/A,10,20,0,60,10,0,N/A,N/A,N/A,
Integrity Education Centre,Tempe,85281,52,Yes,Yes,Yes,N/A,N/A,Traditional,N/A,30,30,"22,533",473,22:01,N/A,N/A,62,8,4,21,0,5,19,6,75,
International Commerce High School - Tempe,Tempe,85282,199,Yes,Yes,N/A,N/A,N/A,Alternative /Charter ,N/A,20,39,"17,274",314,N/A,N/A,N/A,20,11,7,58,1,3,N/A,N/A,N/A,
Wickenburg Virtual Academy,Wickenburg,85390,Closed,,,,,,,,,,,,,,,,,,,,,,,,
Az Compass Prep School,"Chandler, AZ",85225,248,,,yes,yes,N/A,Traditional,,12%,12%,"18,895",352,#VALUE!,NA,NA,12%,24%,32%,26%,2%,4%,10%,87%,2%,
Arizona College Prep,"Chandler, AZ",85224,"1,225",Yes,Yes,yes,yes,N/A,Traditional,yes,91%,83%,"9,474",181,22:01,NA,NA,43%,4%,1%,15%,30%,7%,8%,2%,90%,
Basha High School,"Chandler, AZ",85249,2460,yes,yes,yes,yes,22,Traditional,Yes,61,61,65,,20:01,NA,NA,65,4,5,16,9,1,3,3,96,
Basis Chandler,"Chandler, AZ",85225,717,yes,yes,no,yes,N/A,Traditional,Yes,90,81,30,6,1:01,N/A,N/A,22%,8%,1%,3,71,2,N/A,N/A,N/A,
Foothills Academy,"Scottsdale, AZ",85266,321,Yes,No,Yes,Yes,NA,"multiage integrated classes STEAM(SCi, Tech, Engg, Art, Math)",No,53%,61%,"14,236",258,0.0:1,N/A,N/a,86%,1%,0%,6%,4%,3%,0%,1%,99%,
Foothills Academy Connected,"Scottsdale, AZ",85266,13,Yes,Yes,No,No,NA,"multiage integrated classes STEAM(SCi, Tech, Engg, Art, Math)",No,33%,46%,"24,822",547, -1:1,N/A,N/a,13%,0%,0%,0%,0%,0%,N/A,N/A,N/A,
Gateway Academy,"Scottsdale, AZ",85258,57,No,No,Yes,No,N/a,"Hands-on learning, High Functioning Autism",No,N/a,N/a,"5,234",48,4:01,N/A,N/a,75%,5%,0%,7%,4%,9%,N/A,N/A,N/A,
"Great Hearts Academies - Cicero Scottsdale
","scottsdale, AZ",85260,303,Yes,Yes,Yes,Yes,N/a,"Traditional, Liberal Arts Tradition, Special education for Disabled",Yes,50%,66%,Unranked,Unknown,#VALUE!,N/A,N/a,71%,2%,0%,15%,8%,4%,N/A,N/A,N/A,
"Great Hearts Academies - Scottsdale
","scottsdale, AZ",85260,886,Yes,Yes,Yes,Yes,N/a,"Traditional, Liberal Arts Tradition",Yes,69%,73%,6722,139,#VALUE!,N/A,N/a,77%,1%,0%,8%,9%,4%,N/A,N/A,N/A,
Boulder Creek High School,"Anthem, AZ",85086,"2,576",yes,yes,yes,yes,ranked #14 in the Arizona High School Football Rankings by MaxPreps.com,traditional teaching style,yes,45%,41.67,"2,843",45,21:01,N/A,N/A,82,2,0,11,2,3,10,3,87,
Great Hearts Academies - Anthem Prep,"Anthem, AZ",85086,769,yes,no,yes,yes,N/A,liberal arts,yes,60%,N/A,N/A,N/A,15:01,N/A,N/A,80,1,0,8,7,3,N/A,N/A,N/A,
West-Mec - Boulder Creek High School,"Anthem, AZ",85086,4,yes,yes,yes,yes,N/A,Academically Advanced,yes,50%,N/A,N/A,N/A,18:01,N/A,N/A,25,0,0,75,0,0,N/A,N/A,N/A,
Agua Fria High School,"Avondale, AZ",85323,"1,736",yes,yes,yes,yes,ranked #11 in the Arizona High School Football Rankings by MaxPreps.com,Sports,yes,40%,44.8,"1,495",11,24:01:00,N/A,N/A,20,11,1,65,2,2,21,4,75,
Arizona Agribusiness & Equine Center - Estrella,"Avondale, AZ",85007,480,no,yes,yes,yes,N/A,career and technical,yes,35%,N/A,N/A,N/A,17:01,N/A,N/A,50,7,1,36,4,1,24,16,60,
West-mec - Deer Valley High School,"Glendale, AZ",85308,1,Y,Y,Y,Y,N/A,CTE,Y,N/A,N/A,N/A,N/A,N/A,N/A,N/A,N/A,N/A,N/A,N/A,N/A,N/A,N/A,N/A,N/A,
West-mec - Glendale High School,"Glendale, AZ",85301,5,Y,Y,Y,Y,N/A,CTE,Y,N/A,N/A,N/A,N/A,N/A,N/A,N/A,100,0,0,0,0,0,0,0,100,
West-mec - Independence High School,"Glendale, AZ",85303,2,Y,Y,Y,Y,N/A,CTE,Y,N/A,N/A,N/A,N/A,N/A,N/A,N/A,N/A,N/A,N/A,N/A,N/A,N/A,N/A,N/A,N/A,
West-mec - Ironwood High School,"Glendale, AZ",85304,4,Y,Y,Y,Y,N/A,CTE,Y,N/A,N/A,N/A,N/A,N/A,N/A,N/A,75,0,0,25,0,0,0,0,100,
West-mec - Mountain Ridge High School,"Glendale, AZ",85310,1,Y,Y,Y,Y,N/A,CTE,Y,N/A,N/A,N/A,N/A,N/A,N/A,N/A,0,0,0,0,0,100,0,0,100,
 Central High School,"Phoenix, AZ",85012,"1,970",Yes,Yes,Yes,Yes,N/A,CTE,Yes,4,4,847,10,16.4,N/A,N/A,7.4,16.8,6.5,72.77,2.3,2.9,86,4,10,
Children First Academy,"Phoenix, AZ",85003,245,N/A,N/A,N/A,N/A,N/A,CTE,N/A,N/A,N/A,N/A,N/A,#VALUE!,N/A,N/A,8,22,N/A,56,1,13,84,0,16,
Cornerstone Charter School,"Phoenix, AZ",85021,138,Yes,Yes,Yes,N/A,N/A,Core Knowledge,Yes,20,20,"19,081",356,#VALUE!,N/A,N/A,22,8,N/A,57,0,13,98,0,2,
Cortez High School,"Phoenix, AZ",85051,245,Yes,Yes,Yes,Yes,N/A,N/A,N/A,N/A,N/A,N/A,N/A,#VALUE!,N/A,N/A,21,11,5,56,6,1,69,23,9,
Crestview College Preparatory High School,"Phoenix, AZ",85032,250,Yes,N/A,N/A,Yes,N/A,N/A,N/A,N/A,N/A,"15,937",279,#VALUE!,N/A,N/A,15,4,2,74,0,5,82,8,10,
Thunderbird High School,"Phoenix, AZ",85023,1531,Yes,Yes,Yes,Yes,N/A,Career and Technical Education (CTE),Yes,76%,79%,3218,101,22.4:1,N/A,N/A,51%,7%,3%,36%,3%,1%,44%,5%,51%,
Trevor Browne High School,"Phoenix, AZ",85033,3041,Yes,Yes,Yes,Yes,194 in Arizona High Schools,N/A,Yes,73%,78%,248,13,20.8:1,N/A,N/A,3%,4%,1%,91%,1%,1%,81%,8%,11%,
Tumbleweed Transitional Learning Center,"Phoenix, AZ",85013,61,No,No,Yes,No,N/A,N/A,Yes,N/A,N/A,22127,462,30.5:1,N/A,N/A,2%,11%,0%,87%,0%,0%,95%,0%,5%,
Valley Lutheran High School,"Phoenix, AZ",85013,164,Yes,Yes,Yes,Yes,9th in the Arizona Interscholastic Association (AIA) 2A Verde division,Youth development,Yes,80%,82%,3283,27,9:01,N/A,N/A,54%,9%,4%,16%,11%,5%,N/A,N/A,N/A,
Victory High School - Campus,"Phoenix, AZ",85041,22,Yes,Yes,Yes,Yes,12th in the Arizona Interscholastic Association (AIA) 5A Desert Sky division,N/A,Yes,75%,78%,24174,514,#VALUE!,N/A,N/A,0%,9%,0%,82%,9%,0%,86%,0%,14%,
Redeemer Christian School,Mesa,85203,23,Yes,Yes,Yes,Yes,N/A,Academically Advanced,Yes,82%,84%,N/A,123,10:01,No data,No data,64%,0%,0%,13%,21%,0%,20%,15%,65%,
Rhodes Junior High School,Mesa,85202,953,Yes,Yes,Yes,Yes,N/A,Traditional Teaching style,Yes,75%,78%,N/A,125,19.6:1,No data,No data,26%,6%,1%,58%,2%,2%,68%,8%,24%,
Sequoia Choice School Arizona Distance Learning School,Mesa,85204,329,Yes,Yes,Yes,Yes,N/A,Academically Advanced,Yes,85%,80%,N/A,100,#VALUE!,No data,No data,70%,3%,5%,15%,2%,0%,30%,2%,68%,
Sequoia School for the Deaf and Hard of Hearing,Mesa,85204,24,Yes,Yes,Yes,Yes,Not found,Not found,Yes,Not found,Not found,Not found,Not found,#VALUE!,Not found,Not found,41%,8%,Not found,34%,5%,Not found,58%,9%,33%,
Sequoia Secondary School,Mesa,85204,250,Yes,Yes,Yes,Yes,Not found,Not found,Yes,Not found,Not found,Not found,Not found,#VALUE!,Not found,Not found,34%,10%,Not found,53%,1%,Not found,82%,8%,10%,
James Madison Preparatory School,"Tempe, AZ",85283,177,Yes,Yes,Yes,Yes,N/A,CTE,Yes,N/A,45%,"17,914",331,#VALUE!,No data,N/A,72%,3%,2%,15%,3%,5%,N/A,N/A,N/A,
Marcos De Niza High School,"Tempe, AZ",85283,"1,507",Yes,Yes,Yes,N/A,N/A,CTE,Yes,39%,60%,"3,319",103,19:01,No data,N/A,27%,10%,11%,47%,3%,3%,2%,0%,98%,
Mcclintock High School,"Tempe, AZ",85282,"1,847",Yes,No,No,N/A,N/A,Core Knowledge,Yes,50%,50%,"2,038",71,22:01,No data,N/A,33%,10%,5%,43%,4%,5%,1%,0%,99%,
New School For The Arts,"Tempe, AZ",85281,196,Yes,Yes,Yes,Yes,N/A,N/A,Yes,69%,40%,"17,363",317,#VALUE!,No data,N/A,63%,10%,3%,18%,2%,3%,2%,2%,97%,
Pinnacle Charter High School,"Tempe, AZ",85283,43,Yes,Yes,Yes,Yes,N/A,N/A,Yes,37%,35%,"22,979",483,#VALUE!,No data,N/A,30%,9%,7%,51%,0%,2%,N/A,N/A,N/A,
Tonopah Valley High School,"Tonopah,Az",85354,801,Yes,Yes,Yes,Yes,N/A,Academic Oriented,Yes,55%,56%,#10.279,#181,27.61,None,None,37.30%,3.60%,0.40%,55.20%,0.20%,2.80%,19%,0%,81%,
Shadow Ridge High School,"Wikenburg,Az",85390,2366,yes,Yes,Yes,Yes,N/A,Academic Oriented,Yes,28%,24%,#4574,#126,22:01,None,None,58.50%,4.60%,0.40%,27.80%,2.10%,6.50%,7%,0%,93%,
Wickenburg Christian Academy,"Wikenburg,Az",85390,139,Yes,Yes,Yes,Yes,N/A,Academic Oriented,No,N/A,N/A,#3763,unranked,9:01,None,None,88%,0%,1%,10%,1%,1%,NA,NA,NA,
West-Mec_Wickenburg High School,"Wikenburg,Az",85390,18,Yes,Yes,Yes,Yes,N/A,Academic Oriented,Yes,30%,30%,unranked,unranked,#VALUE!,None,None,83.30%,0%,0%,11.10%,5.60%,0%,25%,0%,75%,
Wickenburg High school,"Wikenburg,Az",85390,484,Yes,Yes,Yes,Yes,N/A,Academic Oriented,No,25-29%,30-34%,"#13,261",237-317,19:01,None,None,53.40%,2.40%,1.00%,42%,0.20%,0%,16%,11%,73%,
Paradise Valley Christian Preparatory,"Phoenix, AZ",85028,593,yes,yes,yes,Yes,N/A,Sports,Yes,N/A,N/A,Unranked,#2,23:01,None,None,87%,4%,0%,6%,3%,1%,13%,0%,87%,
Paradise Valley High School,"Phoenix, AZ",85032,1865,yes,yes,yes,Yes,N/A,Academic oriented,Yes,60%,70%,#4226,625,18:01,None,None,43%,4%,1%,45%,3%,4%,45%,5%,50%,
Phoenix Christian Preparatory School,"Phoenix, AZ",85015,435,yes,yes,yes,yes,N/A,Academic oriented,No,43%,65%,1439,15,15:01,None,None,30%,31%,0%,33%,6%,0%,35%,0%,75%,
Phoenix College Preparatory School,"Phoenix, AZ",85013,212,Yes,yes,Yes,yes,N/A,Academically advanced,yes,44%,58%,5864,51,24:01:00,None,None,12%,10%,2%,76%,0%,1%,22%,6%,71%,
Phoenix Collegiate Academy Charter School,"Phoenix, AZ",85040,392,yes,yes,yes,yes,N/A,Not found,No,Not found,Not found,9551,309,25:01:00,None,None,2%,8%,1%,89%,0%,1%,N/A,N/A,N/A,
Shepherd Junior High School,Mesa,85205,640,N/A,Yes,Yes,Yes,N/A,Classical Education,Yes,8%,12%,Unranked,Unranked,18:01,N/A,N/A,65,4,3,23,2,2,34,11,56,
Skyline High School,Mesa,85208,"2,619",Yes,N/A,N/A,Yes,N/A,"Academics, Arts and Athletics",yes,50,50,522,22,21:02:01,N/A,N/A,54,4,2,37,2,2,45,9,45,
Smith Junior High School,Mesa,85207,983,N/A,No,N/A,Yes,N/A,Inclass,Yes,50,N/A,Unranked,unknown,18:08:01,N/A,N/A,60,4,1,32,1,2,48,11,41,
Soronan Desert School,Mesa,85205,37,Yes,No,N/A,Yes,N/A,Traditional,N/A,45,36,23294,490,#VALUE!,N/A,N/A,84,3,3,11,0,0,16,8,76,
Stapley Junior High School,Mesa,85213,956,Yes,Yes,Yes,Yes,N/A,Traditional,N/A,5,15,Unranked,Unknown,20:03:01,N/A,N/A,70,1,8,18,2,9,25,6,69,
Gateway Early College High School,Phoenix,85034,309,Yes ,Yes ,Yes,Yes,N/A,High School Diploma,Yes,14%,12%,8646,155,1:01,N/A,N/A,1.60%,13.60%,6%,82.80%,0.30%,0.30%,80%,13%,No,
Franklin Police and Fire High School,Phoenix,85007,287,Yes ,Yes ,Yes,No,N/A,Public Safety Professional,N/A,11-19%,12-20%,4136,65,10.4:1,N/A,N/A,3.10%,0.70%,1.70%,93.40%,1.00%,0%,73%,16%,N/A,
Great Hearts Academies - Archway Veritas ,Phoenix,85018,718,No,No,Yes,Yes,N/A,Elementary School,N/A,72%,71%,N/A,N/A,N/A,N/A,N/A,67.40%,2.10%,0.30%,17.00%,4.70%,6.80%,N/A,N/A,N/A,
Great Hearts Academies - North Phoenix Prep,Phoenix,85032,243,No,Yes ,No,No,N/A,hands-off approach,Yes,67%,72%,4142,64,N/A,N/A,N/A,57.90%,3.10%,0.60%,21.60%,11.70%,4.90%,N/A,N/A,N/A,
Great Hearts Academies - Teleos Prep,Phoenix,85034,250,No,No,Yes,No,N/A,Inclusion Based Model,N/A,67%,N/A,6297,107,1:01,N/A,N/A,54.00%,5.60%,0.70%,25.10%,7.10%,6.70%,N/A,N/A,N/A,
Mesa High School,Mesa,85204,3480,Yes,yes,yes,yes,"7,961",outcome based,yes,50%,42%,7961,139,22.3:1,No Suicide,No Crime,29%,4%,2%,62%,1%,2%,58%,10%,10%,
Mesa Transitional Learning Center,Mesa,85210,70,Yes,No,no,NA,NA,NA,NA,NA,NA,NA,NA,NA,NA,NA,47%,20%,NA,26%,3%,4%,96%,4%,0%,
Mountain View High School,Mesa,85213,3343,Yes,Yes,Yes,Yes,30,traditional,yes,37%,37%,3795,100,16.4:1,1,low crime rate,66%,3%,4%,24%,2%,1%,27%,6%,67%,
Poston Junior High School,Messa,85213,1017,Yes,No,Yes,No,Unranked,NA,No,24,33,Unranked,Unranked,18,NA,NA,43,5,3,47,1,1,58,35,7,
Red Mountain High School,Messa,85207,3370,Yes,Yes,Yes,Yes,Unranked,NA,Yes,47%,77.67%,129,4,N/A,NA,NA,70,3,2,20,2,3,24,7,69,
Mountain Ridge High School,Glendale,85310,2685,yes,yes,yes,yes,NA,Tradional,yes,51,55,2046,28,25.4:1,NA,NA,69,2,1,13,10,5,4,0,96,
Ombudsman - Charter West,Glendale,85308,90,yes,yes,yes,NA,NA,NA,Na,NA,NA,NA,NA,NA,NA,NA,43,17,3,32,2,3,16,2,82,
Raymond S. Kellis,Glendale,85305,1802,yes,yes,yes,yes,NA,Tradional,yes,48,43,7392,126,21.1:1,NA,NA,24,8,1,57,5,5,20,0,80,
Sandra Day O'Connor High School,Glendale,85310,2534,yes,yes,yes,yes,NA,Tradional,yes,70,69,2622,41,23.1:1,NA,NA,74,2,1,14,5,4,5,0,95,
Sunflower School,Glendale,85306,40,yes,yes,Yes,yes,NA,Tradional,yes,25,25,NA,NA,6.7:1,NA,NA,35,7.5,0,42.5,7.5,7.5,45,7.5,47.5,
Deer Valley Academy,Glendale,85308,"1,568",YES,YES,YES,YES,114,Hybrid,YES,36%,39%,Unranked,250,No Data,No data,No data,33.30%,16.70%,1.20%,50.00%,2.60%,33.30%,No Data,No data,No Data,
Deer Valley High School,Glendale,85308,"1,420",YES,YES,YES,YES,43,Traditional,YES,58%,51%,6336,109,10-Jan,No data,No data,55.20%,5.90%,1.20%,30.50%,2.60%,49.50%,17%,0%,83%,
Desert Heights Preparatory Academy,Glendale,85308,511,YES,YES,YES,YES,26,Hybrid,YES,43%,40%,Unranked,398,No data,No data,No data,56.20%,7.20%,1.40%,29.00%,1.40%,50.1,21%,3%,76%,
Desert Sky Middle School,Glendale,85308,761,NO,YES,NO,YES,No Data,Traditional,YES,42%,42%,Unranked,289,22-Jan,No data,No data,54.30%,4.30%,0.60%,33.50%,1.90%,51.1,39%,12%,49,
E-Institute at Grovers,Glendale,85308,9,YES,YES,YES,YES,No Data,Hybrid,No Data,30%,30%,Unranked,371,12-Jan,No data,No data,22.20%,N/A,N/A,77.80%,N/A,77.80%,N/A,N/A,N/A,
